[null,{"name":"Teste","permissions":"NONE","restriction":"0","_id":"SxeZy","actions":[]},{"name":"<a style=\"color:red;\"><center>Admin","permissions":"NONE","restriction":"1","_id":"TfKYf","actions":[]},{"name":"teste","permissions":"NONE","restriction":"1","_id":"ZWCzA","actions":[{"behavior":"0","interpretation":"0","code":"// Made by General Wrex, if its broken let me know in the network.\n// Feb 27 2020\n/*\n\nThis will allow you to reload specific commands, all events, \nall commands, or both with *\n\nreload [cmdname] - reload specific command\n'reload *'' - reload everything\n'reload commands' - reload all commands\n'reload events' - reload all events\n\nIf you would like, please consider donating as\nit allows me to create more things like this!\n*/\n\n\nconst fs = require('fs');\nconst path = require('path');  \n\nconst commandName = tempVars(\"cmdname\");\n\nconst filePath = path.join(process.cwd(), 'data', 'commands.json');\nconst filePath2 = path.join(process.cwd(), 'data', 'events.json');\n\n(()=>{\n   \n   if(fs.existsSync(filePath2)){\n\n      let content = fs.readFileSync(filePath2)  \n      try {\n         if(typeof content !== 'string' && content.toString) content = content.toString();\n         Files.data.events = JSON.parse(Files.decrypt(content));\n      } catch(e) {\n         console.error(e)\n         return;\n      }\n   }\n\n  \n   if(fs.existsSync(filePath)){\n   \n      let content = fs.readFileSync(filePath)  \n      let data;\n      try {\n         if(typeof content !== 'string' && content.toString) content = content.toString();\n         data = JSON.parse(Files.decrypt(content));\n      } catch(e) {\n         console.error(e)\n         return;\n      }\n       \n      if(commandName ===  undefined) return msg.channel.send('Utilize: /reload [comando]')\n  \n      function reloadEvents(){\n         msg.channel.send(`Tentando recarregar ${Files.data.events.length} eventos...`)\n\n         for(const event of client.eventNames()) {  \n            client.removeAllListeners(event);  \n         }\n\n         Bot.$evts = {}; \n\n         Bot.setupBot();\n         Bot.reformatEvents();\n         Bot.initEvents();\n\n         if(Bot.$evts[\"3\"]) {\n            Events.setupIntervals(bot);\n         }\n      }\n\n      function reloadCommands(){\n         msg.channel.send(`Tentando recarregar ${data.length} comandos...`)\n\n         Files.data.commands = data;\n\n         Bot.$cmds = {}; \n         Bot.$icds = []; \n         Bot.$regx = []; \n         Bot.$anym = [];\n      \n         Bot.reformatCommands();\n      }\n\n      if(commandName === \"*\"){\n\n         try {\n            reloadCommands();\n            reloadEvents();           \n         } catch (error) {\n            console.error(error)\n            return msg.channel.send(`Ocorreu um problema ao recarregar tudo.`); \n         }\n\n         return msg.channel.send(`Todos os dados do bot recarregados!`); \n      } \n\n      if(commandName === \"events\"){\n         try {\n            reloadEvents();\n         } catch (error) {\n            console.error(error)\n            return msg.channel.send(`Ocorreu um problema ao recarregar todos os eventos.`);\n         }\n\n         return msg.channel.send(`Todos ${Files.data.events.length} eventos recarregados!`); \n      }\n      if(commandName === \"commands\"){\n      \n         try {\n            reloadCommands();\n         } catch (error) {\n            console.error(error)\n            return msg.channel.send(`Ocorreu um problema ao recarregar todos os comandos!`); \n         }\n\n         return msg.channel.send(`Todos ${data.length} comandos recarregados!`); \n      }\n\n\n\n      let found = data.filter(c=>c && c.name.indexOf(commandName) == 0)\n      \n      if(found.length === 0) return msg.channel.send(`O comando '${commandName}' não foi encontrado.`); \n\n      if(found.length > 1) return msg.channel.send(`${found.length} resultados, você quis dizer: ${found.map(c=>c.name).join(\", \")}? use o comando novamente.`)\n    \n         const com = data.find(c=>c && c.name === found[0].name)\n\n         Bot._caseSensitive = Boolean(Files.data.settings.case === 'true');  \n         if(com) {\n            switch(com.comType) {\n               case '1':\n                  delete Bot.$icds.find(c=>c && c.name === found)\n                  Bot.$icds.push(com);\n                  break;\n               case '2':\n                  delete Bot.$regx.find(c=>c && c.name === found)\n                  Bot.$regx.push(com);\n                  break;\n               case '3':\n                  delete Bot.$anym.find(c=>c && c.name === found)\n                  Bot.$anym.push(com);\n                  break;\n               default:\n                  if(Bot._caseSensitive) {\n                     Bot.$cmds[com.name] = com;\n                     if(com._aliases) {\n                        const aliases = com._aliases;\n                        for(let j = 0; j < aliases.length; j++) {\n                           Bot.$cmds[aliases[j]] = com;\n                        }\n                     }\n                  } else {\n                     Bot.$cmds[com.name.toLowerCase()] = com;\n                     if(com._aliases) {\n                        const aliases = com._aliases;\n                        for(let j = 0; j < aliases.length; j++) {\n                           Bot.$cmds[aliases[j].toLowerCase()] = com;\n                        }\n                     }\n                  }\n                  break;\n            }\n\n            msg.channel.send(`O comando '${com.name}' foi recarregado!`)\n         }\n      \n   }\n})();\n\n","storage":"0","varName":"","name":"Run Script"}]},{"name":"BotCheckCommand","permissions":"NONE","restriction":"1","_id":"OibDF","actions":[{"comment":":arrow_down: Armazenando Informações da Mensagem","color":"#000000","name":"Comment"},{"message":"0","varName":"","info":"2","storage":"1","varName2":"msg-text","name":"Store Message Info"},{"comment":":arrow_down: Verificando se a mensagem usa o prefixo bot no começo da mensagem enviada","color":"#000000","name":"Comment"},{"storage":"1","varName":"msg-text","comparison":"10","value":"'${this.getDBM().Files.data.settings.tag}'","iftrue":"0","iftrueVal":"","iffalse":"1","iffalseVal":"5","name":"Check Variable"},{"comment":":arrow_down: Verificando se o comando existe","color":"#000000","name":"Comment"},{"behavior":"0","interpretation":"0","code":"bot.checkCommand","storage":"1","varName":"bot.checkCommand","name":"Run Script"},{"comment":":arrow_down: Se não existir, o bot irá enviar a mensagem abaixo","color":"#000000","name":"Comment"},{"channel":"0","varName":"","message":"${member}, este comando não existe, use ``${this.getDBM().Files.data.settings.tag}ajuda``","storage":"0","varName2":"","iffalse":"0","iffalseVal":"","name":"Send Message"}],"comType":"3"},{"name":"mention","permissions":"NONE","restriction":"1","_id":"PgFWF","actions":[{"member":"0","varName":"","info":"1","storage":"1","varName2":"mentionedUserID","name":"Store Member Info"},{"storage":"1","varName":"mentionedUserID","comparison":"1","value":"'681604378968457421'","iftrue":"0","iftrueVal":"","iffalse":"1","iffalseVal":"","name":"Check Variable"},{"behavior":"0","interpretation":"0","code":"const embed = new DiscordJS.RichEmbed()\n        .setColor('#363942')\n        .setTitle('Parece que alguem me chamou!')\n        .setDescription('Olá titã! O meu prefixo é `r/`, para saber um pouco mais use `r/help` ou `r/ajuda`.')\n        .addField('**Mais informações:**', `<:adicionar:718327622018269205> [Me adicione no seu servidor](https://discord.com/oauth2/authorize?client_id=681604378968457421&scope=bot&permissions=2080374975) \\n<:casa:718327708714795038> [Entre no meu servidor](https://discord.gg/v4ZZe7G) \\n<:coracao:718328091151171685> [Me ajude votando em mim e ganhe recompensas](https://botsparadiscord.com/bots/681604378968457421/votar)`)\nmsg.channel.send(embed)","storage":"0","varName":"","name":"Run Script"}],"comType":"3"},{"name":"invite","permissions":"NONE","restriction":"4","_id":"KVTpf","actions":[{"info":"0","infoIndex":"1","storage":"1","varName":"serverid","name":"Store Command Params"},{"info":"0","find":"${tempVars(\"serverid\")}","storage":"1","varName":"searchedserver","name":"Find Server"},{"server":"1","varName":"searchedserver","name":"Change Server"},{"channel":"2","varName":"","maxUses":"","lifetime":"","tempInvite":"false","unique":"true","storage":"1","varName2":"createdinvite","name":"Create Invite"},{"channel":"1","varName":"","message":"I created an invitation here: ${tempVars(\"searchedserver\")}\n\n|| ${tempVars(\"createdinvite\")} ||","storage":"0","varName2":"","iffalse":"0","iffalseVal":"","name":"Send Message"}],"comType":"0"},{"name":"logs","permissions":"NONE","restriction":"4","_id":"shArS","actions":[{"filename":"/root/.forever/D9Sl.log","storage":"1","varName2":"terminal-log","name":"Read File"},{"behavior":"0","interpretation":"0","code":"const str = tempVars(\"terminal-log\");\nconst size = String(str).length;\nconst min = size - 800;\nvar final = String(str).slice(min, size);\nActions.storeValue(final, 1, \"final\", cache);\n","storage":"0","varName":"","name":"Run Script"},{"title":"<:log:703409649172349019> Logs - Terminal","author":"","color":"#E6E7E8","url":"","authorIcon":"","authorUrl":"","imageUrl":"","thumbUrl":"","timestamp":"false","debug":"false","text":"","year":"","month":"","day":"","hour":"","minute":"","second":"","storage":"1","varName":"embed-terminal","name":"Create Embed Message"},{"storage":"1","varName":"embed-terminal","message":"```js\n${tempVars(\"final\")}\n```","name":"Set Embed Description"},{"storage":"1","varName":"embed-terminal","channel":"0","varName2":"","storage3":"0","varName3":"","iffalse":"0","iffalseVal":"","messageContent":"","name":"Send Embed Message"}],"comType":"0"},{"name":"eval","permissions":"NONE","restriction":"4","_id":"sRxja","actions":[{"code":"const { RichEmbed } = require('discord.js')\nconst { inspect } = require('util')\n\nconst embed = new RichEmbed()\n  .setFooter(msg.author.tag, msg.author.displayAvatarURL)\n\nconst prefix = (server && server.tag) || this.getDBM().Files.data.settings.tag\nconst args = msg.content.slice(prefix.length).trim().split(/ +/g); args.shift()\nconst query = args.join(' ')\nconst code = (lang, code) => (`\\`\\`\\`${lang}\\n${String(code).slice(0, 1000) + (code.length >= 1000 ? '...' : '')}\\n\\`\\`\\``).replace(this.getDBM().Bot.bot.token, '*'.repeat(this.getDBM().Bot.bot.token.length))\n\nif (!query) msg.channel.send('Por favor, escreva algo para que eu possa avaliar!')\nelse {\n  try {\n    const evald = eval(query)\n    const res = typeof evald === 'string' ? evald : inspect(evald, { depth: 0 })\n\n    embed.addField('Resultado', code('js', res))\n\n    if (!Boolean(res) || (!Boolean(evald) && evald !== 0)) embed.setColor('RED')\n    else {\n      embed\n        .addField('Tipo', code('css', typeof evald))\n        .setColor('GREEN')\n    }\n  } catch (error) {\n    embed\n      .addField('Error', code('js', error))\n      .setColor('RED')\n  } finally {\n    msg.channel.send(embed).catch(error => {\n      msg.channel.send(`Ocorreu um erro ao exibir o resultado da avaliação! ${error.message}`)\n    })\n  }\n}\n","behavior":"0","interpretation":"1","storage":"0","varName":"","VTypeSelect":"0","CVTypeValue":"","name":"Run Script"}],"_aliases":[],"comType":"0"},{"name":"Anti-Invites.","permissions":"NONE","restriction":"1","_id":"smLyC","actions":[{"comment":"# NÃO CONFIGURE ESSA PARTE","color":"#ff0000","name":"Comment"},{"server":"0","varName":"","dataName":"anti-invites-automatico","comparison":"1","value":"2","iftrue":"2","iftrueVal":"4","iffalse":"1","iffalseVal":"","name":"Check Server Data"},{"server":"0","varName":"","dataName":"anti-invites-automatico","comparison":"1","value":"3","iftrue":"1","iftrueVal":"","iffalse":"1","iffalseVal":"","name":"Check Server Data"},{"info":"0","infoIndex":"1","storage":"1","varName":"say","name":"Store Command Params"},{"info":"1","infoIndex":"1","storage":"1","varName":"say","name":"Store Command Params"},{"info":"1","infoIndex":"2","storage":"1","varName":"say","name":"Store Command Params"},{"storage":"1","varName":"say","comparison":"5","value":"'discord.gg'","iftrue":"0","iftrueVal":"","iffalse":"1","iffalseVal":"","name":"Check Variable"},{"storage":"0","varName":"","name":"Delete Message"},{"comment":"# ALTERE O TEXTO / AQUI","color":"#00ff00","name":"Comment"},{"channel":"0","varName":"","message":":x: **|** ${member}, é proibido enviar convite de outros servidores aqui.","storage":"0","varName2":"","iffalse":"0","iffalseVal":"","name":"Send Message"}],"comType":"3"},{"name":"<a style=\"color:red;\"><center>Diversão","permissions":"NONE","restriction":"1","_id":"UyKxq","actions":[],"comType":"0"},{"name":"lixo","permissions":"NONE","restriction":"1","_id":"fBzTJ","actions":[{"storage":"0","varName":"","EliteArtzIsPro":"0","name":"Bot Typing"},{"url":"https://i.imgur.com/XPSMNCq.png","storage":"1","varName":"background","name":"Create Image"},{"condition":"1","comparison":"0","value":"1","iftrue":"0","iftrueVal":"","iffalse":"3","iffalseVal":"3","name":"Check Parameters"},{"member":"0","varName":"","storage":"1","varName2":"avatar","name":"Create Image from Avatar"},{"count":"2","name":"Skip Actions"},{"name":"End Action Sequence"},{"member":"1","varName":"","storage":"1","varName2":"avatar","name":"Create Image from Avatar"},{"storage":"1","varName":"avatar","width":"500","height":"500","name":"Resize Image"},{"storage":"1","varName":"avatar","effect":"5","name":"Apply Image Effect"},{"storage":"1","varName":"background","storage2":"1","varName2":"avatar","x":"500","y":"0","mask":"0","name":"Draw Image on Image"},{"storage":"1","varName":"background","channel":"0","varName2":"","message":"","name":"Send Image"},{"storage":"0","varName":"","EliteArtzIsPro":"1","name":"Bot Typing"}]},{"name":"ship","permissions":"NONE","restriction":"1","_id":"KjGTJ","actions":[{"condition":"1","comparison":"3","value":"1","iftrue":"0","iftrueVal":"","iffalse":"3","iffalseVal":"2","name":"Check Parameters"},{"channel":"0","varName":"","message":":x: **|** ${member}, use `r/ship <@user1> <@user2>`.","storage":"0","varName2":"","iffalse":"0","iffalseVal":"","name":"Send Message"},{"name":"End Action Sequence"},{"info":"2","infoIndex":"1","storage":"1","varName":"m1","name":"Store Command Params"},{"info":"2","infoIndex":"2","storage":"1","varName":"m2","name":"Store Command Params"},{"member":"2","varName":"m1","info":"12","storage":"1","varName2":"avatar1","name":"Store Member Info"},{"member":"2","varName":"m2","info":"12","storage":"1","varName2":"avatar2","name":"Store Member Info"},{"title":"","author":"","color":"#363942","url":"","authorIcon":"","authorUrl":"","imageUrl":"https://api.alexflipnote.dev/ship?user=${tempVars(\"avatar1\")}&user2=${tempVars(\"avatar2\")}","thumbUrl":"","timestamp":"false","debug":"false","text":"","year":"","month":"","day":"","hour":"","minute":"","second":"","storage":"1","varName":"a","name":"Create Embed Message"},{"storage":"1","varName":"a","message":"**Será que temos um novo casal aqui?\n${tempVars(\"m1\")} 😍 ${tempVars(\"m2\")}**\n\nProbabilidade: `${Actions.random(0,100)}%`","name":"Set Embed Description"},{"storage":"1","varName":"a","channel":"0","varName2":"","storage3":"1","varName3":"embed-obj","iffalse":"0","iffalseVal":"","messageContent":"","name":"Send Embed Message"}]},{"name":"comunista","permissions":"NONE","restriction":"1","_id":"HIaah","actions":[{"condition":"1","comparison":"0","value":"0","iftrue":"0","iftrueVal":"","iffalse":"3","iffalseVal":"2","name":"Check Parameters"},{"channel":"0","varName":"","message":":x: **|** ${member}, use `r/comunista <@user>`.","storage":"0","varName2":"","iffalse":"0","iffalseVal":"","name":"Send Message"},{"name":"End Action Sequence"},{"info":"2","infoIndex":"1","storage":"1","varName":"m1","name":"Store Command Params"},{"member":"2","varName":"m1","info":"12","storage":"1","varName2":"avatar1","name":"Store Member Info"},{"title":"","author":"","color":"#363942","url":"","authorIcon":"","authorUrl":"","imageUrl":"https://api.alexflipnote.dev/filter/communist?image=${tempVars(\"avatar1\")}","thumbUrl":"","timestamp":"false","debug":"false","text":"","year":"","month":"","day":"","hour":"","minute":"","second":"","storage":"1","varName":"a","name":"Create Embed Message"},{"storage":"1","varName":"a","message":"** <:communist:718881412102488184> Nosso avatar!**","name":"Set Embed Description"},{"storage":"1","varName":"a","channel":"0","varName2":"","storage3":"1","varName3":"embed-obj","iffalse":"0","iffalseVal":"","messageContent":"","name":"Send Embed Message"}]},{"name":"gay","permissions":"NONE","restriction":"1","_id":"zyKDn","actions":[{"condition":"1","comparison":"0","value":"0","iftrue":"0","iftrueVal":"","iffalse":"3","iffalseVal":"2","name":"Check Parameters"},{"channel":"0","varName":"","message":":x: **|** ${member}, use `r/gay <@user>`.","storage":"0","varName2":"","iffalse":"0","iffalseVal":"","name":"Send Message"},{"name":"End Action Sequence"},{"info":"2","infoIndex":"1","storage":"1","varName":"m1","name":"Store Command Params"},{"member":"2","varName":"m1","info":"12","storage":"1","varName2":"avatar1","name":"Store Member Info"},{"title":"","author":"","color":"#363942","url":"","authorIcon":"","authorUrl":"","imageUrl":"https://api.alexflipnote.dev/filter/gay?image=${tempVars(\"avatar1\")}","thumbUrl":"","timestamp":"false","debug":"false","text":"","year":"","month":"","day":"","hour":"","minute":"","second":"","storage":"1","varName":"a","name":"Create Embed Message"},{"storage":"1","varName":"a","message":"🏳️‍🌈 ✨","name":"Set Embed Description"},{"storage":"1","varName":"a","channel":"0","varName2":"","storage3":"1","varName3":"embed-obj","iffalse":"0","iffalseVal":"","messageContent":"","name":"Send Embed Message"}]},{"name":"supreme","permissions":"NONE","restriction":"1","_id":"xNnOv","actions":[{"condition":"0","comparison":"0","value":"0","iftrue":"0","iftrueVal":"","iffalse":"3","iffalseVal":"2","name":"Check Parameters"},{"channel":"0","varName":"","message":":x: **|** ${member}, use `r/supreme <texto>`.","storage":"0","varName2":"","iffalse":"0","iffalseVal":"","name":"Send Message"},{"name":"End Action Sequence"},{"info":"1","infoIndex":"1","storage":"1","varName":"m1","name":"Store Command Params"},{"text":"${tempVars(\"m1\")}","text2":null,"text3":"%20","info":"1","storage":"1","varName":"txt","name":"Replace Text_With_Backspace"},{"title":"","author":"","color":"#363942","url":"","authorIcon":"","authorUrl":"","imageUrl":"https://api.alexflipnote.dev/supreme?text=${tempVars(\"txt\")}&light=true]","thumbUrl":"","timestamp":"false","debug":"false","text":"","year":"","month":"","day":"","hour":"","minute":"","second":"","storage":"1","varName":"a","name":"Create Embed Message"},{"storage":"1","varName":"a","message":"","name":"Set Embed Description"},{"storage":"1","varName":"a","channel":"0","varName2":"","storage3":"1","varName3":"embed-obj","iffalse":"0","iffalseVal":"","messageContent":"","name":"Send Embed Message"}]},{"name":"x9","permissions":"NONE","restriction":"1","_id":"wQvTp","actions":[{"condition":"0","comparison":"0","value":"0","iftrue":"0","iftrueVal":"","iffalse":"3","iffalseVal":"2","name":"Check Parameters"},{"channel":"0","varName":"","message":":x: **|** ${member}, use `r/x9 <texto>`.","storage":"0","varName2":"","iffalse":"0","iffalseVal":"","name":"Send Message"},{"name":"End Action Sequence"},{"info":"1","infoIndex":"1","storage":"1","varName":"m1","name":"Store Command Params"},{"text":"${tempVars(\"m1\")}","text2":null,"text3":"%20","info":"1","storage":"1","varName":"txt","name":"Replace Text_With_Backspace"},{"title":"","author":"","color":"#363942","url":"","authorIcon":"","authorUrl":"","imageUrl":"https://api.alexflipnote.dev/calling?text=${tempVars(\"txt\")}","thumbUrl":"","timestamp":"false","debug":"false","text":"","year":"","month":"","day":"","hour":"","minute":"","second":"","storage":"1","varName":"a","name":"Create Embed Message"},{"storage":"1","varName":"a","message":"","name":"Set Embed Description"},{"storage":"1","varName":"a","channel":"0","varName2":"","storage3":"1","varName3":"embed-obj","iffalse":"0","iffalseVal":"","messageContent":"","name":"Send Embed Message"}]},{"name":"fatos","permissions":"NONE","restriction":"1","_id":"bRAzq","actions":[{"condition":"0","comparison":"0","value":"0","iftrue":"0","iftrueVal":"","iffalse":"3","iffalseVal":"2","name":"Check Parameters"},{"channel":"0","varName":"","message":":x: **|** ${member}, use `r/fatos <texto>`.","storage":"0","varName2":"","iffalse":"0","iffalseVal":"","name":"Send Message"},{"name":"End Action Sequence"},{"info":"1","infoIndex":"1","storage":"1","varName":"m1","name":"Store Command Params"},{"text":"${tempVars(\"m1\")}","text2":null,"text3":"%20","info":"1","storage":"1","varName":"txt","name":"Replace Text_With_Backspace"},{"title":"","author":"","color":"#363942","url":"","authorIcon":"","authorUrl":"","imageUrl":"https://api.alexflipnote.dev/facts?text=${tempVars(\"txt\")}","thumbUrl":"","timestamp":"false","debug":"false","text":"","year":"","month":"","day":"","hour":"","minute":"","second":"","storage":"1","varName":"a","name":"Create Embed Message"},{"storage":"1","varName":"a","message":"","name":"Set Embed Description"},{"storage":"1","varName":"a","channel":"0","varName2":"","storage3":"1","varName3":"embed-obj","iffalse":"0","iffalseVal":"","messageContent":"","name":"Send Embed Message"}],"_aliases":["fato"]},{"name":"ph","permissions":"NONE","restriction":"1","_id":"bduEu","actions":[{"condition":"0","comparison":"0","value":"0","iftrue":"0","iftrueVal":"","iffalse":"3","iffalseVal":"2","name":"Check Parameters"},{"channel":"0","varName":"","message":":x: **|** ${member}, use `r/pornhub <texto1> <texto2>`.","storage":"0","varName2":"","iffalse":"0","iffalseVal":"","name":"Send Message"},{"name":"End Action Sequence"},{"info":"0","infoIndex":"1","storage":"1","varName":"m1","name":"Store Command Params"},{"info":"0","infoIndex":"2","storage":"1","varName":"m2","name":"Store Command Params"},{"title":"","author":"","color":"#363942","url":"","authorIcon":"","authorUrl":"","imageUrl":"","thumbUrl":"https://api.alexflipnote.dev/pornhub?text=${tempVars(\"m1\")}&text2=${tempVars(\"m2\")}","timestamp":"false","debug":"false","text":"","year":"","month":"","day":"","hour":"","minute":"","second":"","storage":"1","varName":"a","name":"Create Embed Message"},{"storage":"1","varName":"a","channel":"0","varName2":"","storage3":"0","varName3":"","iffalse":"0","iffalseVal":"","messageContent":"","name":"Send Embed Message"}],"_aliases":["pornhub"]},{"name":"piada","permissions":"NONE","restriction":"1","_id":"YGDnC","actions":[{"storage":"0","varName":"","EliteArtzIsPro":"0","name":"Bot Typing"},{"token":"","user":"","pass":"","url":"https://us-central1-kivson.cloudfunctions.net/charada-aleatoria","path":"","storage":"1","varName":"Peadas","debugMode":"1","headers":"Accept: application/json","name":"Store Json From WebAPI"},{"behavior":"0","jsonObjectVarName":"Peadas","path":"pergunta","storage":"1","varName":"pergunta","name":"Parse From Stored Json"},{"behavior":"0","jsonObjectVarName":"Peadas","path":"resposta","storage":"1","varName":"resposta","name":"Parse From Stored Json"},{"behavior":"0","jsonObjectVarName":"Peadas","path":"id","storage":"1","varName":"id","name":"Parse From Stored Json"},{"storage":"0","varName":"","EliteArtzIsPro":"1","name":"Bot Typing"},{"title":"Nova charada/piada","author":"","color":"#363942","url":"","authorIcon":"","authorUrl":"","imageUrl":"","thumbUrl":"","timestamp":"false","debug":"false","text":"","year":"","month":"","day":"","hour":"","minute":"","second":"","storage":"1","varName":"embed","name":"Create Embed Message"},{"storage":"1","varName":"embed","fieldName":"❓ **Pergunta:**","message":"${tempVars(\"pergunta\")}","inline":"1","name":"Add Embed Field"},{"storage":"1","varName":"embed","fieldName":"😂 **Resposta:**","message":"|| ${tempVars(\"resposta\")} ||","inline":"1","name":"Add Embed Field"},{"storage":"1","varName":"embed","channel":"0","varName2":"","storage3":"0","varName3":"","iffalse":"0","iffalseVal":"","messageContent":"","name":"Send Embed Message"}],"comType":"0"},{"name":"<a style=\"color:red;\"><center>ComandosTestes","permissions":"NONE","restriction":"1","_id":"zwvRn","actions":[],"comType":"0"},{"name":"ferramenta","permissions":"NONE","restriction":"1","_id":"BUQSS","actions":[{"info":"1","infoIndex":"1","storage":"1","varName":"a","name":"Store Command Params"},{"member":"1","varName":"","dataName":"ferramenta","changeType":"0","value":"tempVars(\"a\")","name":"Control Member Data"},{"channel":"0","varName":"","message":"${tempVars(\"a\")}","storage":"0","varName2":"","iffalse":"0","iffalseVal":"","name":"Send Message"}]},{"name":"energia","permissions":"NONE","restriction":"1","_id":"RUZDW","actions":[{"info":"0","infoIndex":"1","storage":"1","varName":"a","name":"Store Command Params"},{"member":"1","varName":"","dataName":"energia","changeType":"0","value":"tempVars(\"a\")","name":"Control Member Data"},{"channel":"0","varName":"","message":"${tempVars(\"a\")}","storage":"0","varName2":"","iffalse":"0","iffalseVal":"","name":"Send Message"}]},{"name":"dar-tesouro","permissions":"NONE","restriction":"1","_id":"pDtes","actions":[{"info":"0","infoIndex":"1","storage":"1","varName":"a","name":"Store Command Params"},{"member":"1","varName":"","dataName":"tesouro","changeType":"0","value":"tempVars(\"a\")","name":"Control Member Data"},{"channel":"0","varName":"","message":"${tempVars(\"a\")}","storage":"0","varName2":"","iffalse":"0","iffalseVal":"","name":"Send Message"}]},{"name":"<a style=\"color:red;\"><center>Mineração","permissions":"NONE","restriction":"1","_id":"feYvn","actions":[],"comType":"0"},{"name":"mochila","permissions":"NONE","restriction":"1","_id":"eEzft","actions":[{"member":"1","varName":"","dataName":"cianita","defaultVal":"0","storage":"1","varName2":"cianita","name":"Store Member Data"},{"member":"1","varName":"","dataName":"obsidiana","defaultVal":"0","storage":"1","varName2":"obsidiana","name":"Store Member Data"},{"member":"1","varName":"","dataName":"basalto","defaultVal":"0","storage":"1","varName2":"basalto","name":"Store Member Data"},{"member":"1","varName":"","dataName":"alamita","defaultVal":"0","storage":"1","varName2":"alamita","name":"Store Member Data"},{"member":"1","varName":"","dataName":"marmore","defaultVal":"0","storage":"1","varName2":"marmore","name":"Store Member Data"},{"member":"1","varName":"","dataName":"calcita","defaultVal":"0","storage":"1","varName2":"calcita","name":"Store Member Data"},{"member":"1","varName":"","dataName":"coins","defaultVal":"0","storage":"1","varName2":"coins","name":"Store Member Data"},{"member":"1","varName":"","dataName":"estrela","defaultVal":"0","storage":"1","varName2":"estrela","name":"Store Member Data"},{"member":"1","varName":"","dataName":"ferramenta","defaultVal":"0","storage":"1","varName2":"ferramenta","name":"Store Member Data"},{"member":"1","varName":"","dataName":"energia","defaultVal":"0","storage":"1","varName2":"energia","name":"Store Member Data"},{"member":"1","varName":"","dataName":"tesouro","defaultVal":"0","storage":"1","varName2":"tesouro","name":"Store Member Data"},{"behavior":"0","interpretation":"1","code":"const embed = new DiscordJS.RichEmbed()\n        .setColor('#363942')\n        .setAuthor('Perfil', msg.author.avatarURL)\n        .addField(`<:picareta:708832655847719014> **Ferramenta:**`, \"```\" + `${tempVars(\"ferramenta\")} \\n` + \"```\", true)\n        .addField(`<:energia:719743136376684554> **Energia:**`, \"```\" + `${tempVars(\"energia\")} \\n` + \"```\", true)\n        .addField(`<:tesouro:719735862568550442> **Tesouro:**`, \"```\" + `${tempVars(\"tesouro\")} \\n` + \"```\", true)\n        .addField(`<:frag_estrela:719738688208371863> **Fragmento de Estrela:**`, \"```\" + `${tempVars(\"estrela\")} \\n` + \"```\")\n        .addField(`<:cianita:719734143537119293> **Cianita:**`, \"```\" + `${tempVars(\"cianita\")} \\n` + \"```\", true)\n        .addField(`<:obsidiana:719734354179260426> **Obsidiana:**`, \"```\" + `${tempVars(\"obsidiana\")} \\n` + \"```\", true)\n        .addField(`<:basalto:719734544366043226> **Basalto:**`, \"```\" + `${tempVars(\"basalto\")} \\n` + \"```\", true)\n        .addField(`<:alamita:719734746112065567> **Alamita:**`, \"```\" + `${tempVars(\"alamita\")} \\n` + \"```\", true)\n        .addField(`<:marmore:719734901884059719> **Marmore:**`, \"```\" + `${tempVars(\"marmore\")} \\n` + \"```\", true)\n        .addField(`<:calcita:719735091605274715> **Calcita:**`, \"```\" + `${tempVars(\"calcita\")} \\n` + \"```\", true)\n        .addField(`<:rcoin:708831397976080405> **Coins:**`, \"```\" + `${tempVars(\"coins\")} \\n` + \"```\")\nmsg.channel.send(embed)","storage":"0","varName":"","name":"Run Script"}],"_aliases":[]},{"name":"minerar","permissions":"NONE","restriction":"1","_id":"DkoBv","actions":[{"member":"1","varName":"","dataName":"energia","defaultVal":"0","storage":"1","varName2":"energia","name":"Store Member Data"},{"storage":"1","varName":"energia","comparison":"14","value":"25","iftrue":"3","iftrueVal":"2","iffalse":"0","iffalseVal":"","name":"Check Variable"},{"channel":"0","varName":"","message":"<:energia:719743136376684554> **|** ${member}, você não tem energia suficiente, use `r/dormir` para recuperar ou compre energia usando `r/loja`.","storage":"0","varName2":"","iffalse":"0","iffalseVal":"","name":"Send Message"},{"name":"End Action Sequence"},{"measurement":"2","value":"5","save":"0","iftrue":"4","iftrueVal":"Tempo","iffalse":"0","iffalseVal":"","storage":"1","varName":"tempo","name":"Set Time Restriction"},{"member":"1","varName":"","dataName":"energia","defaultVal":"0","storage":"1","varName2":"ver-energia","name":"Store Member Data"},{"member":"1","varName":"","dataName":"ferramenta","defaultVal":"0","storage":"1","varName2":"ferramenta","name":"Store Member Data"},{"storage":"1","varName":"ferramenta","comparison":"1","value":"'Picareta de Pedra'","iftrue":"4","iftrueVal":"Picareta de Pedra","iffalse":"0","iffalseVal":"","name":"Check Variable"},{"storage":"1","varName":"ferramenta","comparison":"1","value":"'Picareta de Ferro'","iftrue":"4","iftrueVal":"Picareta de Ferro","iffalse":"0","iffalseVal":"","name":"Check Variable"},{"storage":"1","varName":"ferramenta","comparison":"1","value":"'Picareta de Obsidiana'","iftrue":"4","iftrueVal":"Picareta de Obsidiana","iffalse":"0","iffalseVal":"","name":"Check Variable"},{"storage":"1","varName":"ferramenta","comparison":"1","value":"'Picareta de Cianita'","iftrue":"4","iftrueVal":"Picareta de Cianita","iffalse":"0","iffalseVal":"","name":"Check Variable"},{"channel":"0","varName":"","message":":x: **|** ${member}, você não possui nenhum tipo de ferramenta. Use `r/iniciar` para conseguir uma.","storage":"0","varName2":"","iffalse":"0","iffalseVal":"","name":"Send Message"},{"name":"End Action Sequence"},{"anchor_id":"Picareta de Pedra","color":"#80ffff","description":"Picareta de Pedra","name":"Create Anchor"},{"FirstNumber":"${tempVars(\"ver-energia\")}","info":"1","SecondNumber":"25","storage":"1","varName":"resultado-energia","name":"Basic Math Operation"},{"member":"1","varName":"","dataName":"energia","changeType":"0","value":"tempVars(\"resultado-energia\")","name":"Control Member Data"},{"storage":"1","varName":"ganho-calcita","min":"5","max":"20","name":"Generate Random Number"},{"member":"1","varName":"","dataName":"calcita","changeType":"1","value":"tempVars(\"ganho-calcita\")","name":"Control Member Data"},{"behavior":"0","interpretation":"0","code":"const embed = new DiscordJS.RichEmbed()\n        .setColor('#363942')\n        .setAuthor('Mineração concluída', msg.author.avatarURL)\n        .addField(`<:picareta:708832655847719014> **Ferramenta:**`, \"```\" + `${tempVars(\"ferramenta\")} \\n` + \"```\", true)\n        .addField(`<:energia:719743136376684554> **Energia:**`, \"```\" + `${tempVars(\"resultado-energia\")} \\n` + \"```\", true)\n        .addField(`<:calcita:719735091605274715> **Calcita:**`, \"```\" + `${tempVars(\"ganho-calcita\")} \\n` + \"```\")\nmsg.channel.send(embed)","storage":"0","varName":"","name":"Run Script"},{"name":"End Action Sequence"},{"anchor_id":"Picareta de Ferro","color":"#80ffff","description":"Picareta de Ferro","name":"Create Anchor"},{"FirstNumber":"${tempVars(\"ver-energia\")}","info":"1","SecondNumber":"25","storage":"1","varName":"resultado-energia","name":"Basic Math Operation"},{"member":"1","varName":"","dataName":"energia","changeType":"0","value":"tempVars(\"resultado-energia\")","name":"Control Member Data"},{"storage":"1","varName":"ganho-calcita","min":"10","max":"20","name":"Generate Random Number"},{"member":"1","varName":"","dataName":"calcita","changeType":"1","value":"tempVars(\"ganho-calcita\")","name":"Control Member Data"},{"storage":"1","varName":"ganho-marmore","min":"3","max":"10","name":"Generate Random Number"},{"member":"1","varName":"","dataName":"marmore","changeType":"1","value":"tempVars(\"ganho-marmore\")","name":"Control Member Data"},{"behavior":"0","interpretation":"0","code":"const embed = new DiscordJS.RichEmbed()\n        .setColor('#363942')\n        .setAuthor('Mineração concluída', msg.author.avatarURL)\n        .addField(`<:picareta:708832655847719014> **Ferramenta:**`, \"```\" + `${tempVars(\"ferramenta\")} \\n` + \"```\", true)\n        .addField(`<:energia:719743136376684554> **Energia:**`, \"```\" + `${tempVars(\"resultado-energia\")} \\n` + \"```\", true)\n        .addField(`<:calcita:719735091605274715> **Calcita:**`, \"```\" + `${tempVars(\"ganho-calcita\")} \\n` + \"```\")\n        .addField(`<:marmore:719734901884059719> **Marmore:**`, \"```\" + `${tempVars(\"ganho-marmore\")} \\n` + \"```\")\nmsg.channel.send(embed)","storage":"0","varName":"","name":"Run Script"},{"name":"End Action Sequence"},{"anchor_id":"Picareta de Obsidiana","color":"#80ffff","description":"Picareta de Obsidiana","name":"Create Anchor"},{"FirstNumber":"${tempVars(\"ver-energia\")}","info":"1","SecondNumber":"25","storage":"1","varName":"resultado-energia","name":"Basic Math Operation"},{"member":"1","varName":"","dataName":"energia","changeType":"0","value":"tempVars(\"resultado-energia\")","name":"Control Member Data"},{"storage":"1","varName":"ganho-calcita","min":"30","max":"40","name":"Generate Random Number"},{"member":"1","varName":"","dataName":"calcita","changeType":"1","value":"tempVars(\"ganho-calcita\")","name":"Control Member Data"},{"storage":"1","varName":"ganho-marmore","min":"15","max":"30","name":"Generate Random Number"},{"member":"1","varName":"","dataName":"marmore","changeType":"1","value":"tempVars(\"ganho-marmore\")","name":"Control Member Data"},{"storage":"1","varName":"ganho-alamita","min":"5","max":"15","name":"Generate Random Number"},{"member":"1","varName":"","dataName":"alamita","changeType":"1","value":"tempVars(\"ganho-alamita\")","name":"Control Member Data"},{"storage":"1","varName":"ganho-basalto","min":"3","max":"10","name":"Generate Random Number"},{"member":"1","varName":"","dataName":"basalto","changeType":"1","value":"tempVars(\"ganho-basalto\")","name":"Control Member Data"},{"storage":"1","varName":"ganho-obsidiana","min":"2","max":"6","name":"Generate Random Number"},{"member":"1","varName":"","dataName":"obsidiana","changeType":"1","value":"tempVars(\"ganho-obsidiana\")","name":"Control Member Data"},{"storage":"1","varName":"ganho-cianita","min":"1","max":"4","name":"Generate Random Number"},{"member":"1","varName":"","dataName":"cianita","changeType":"1","value":"tempVars(\"ganho-cianita\")","name":"Control Member Data"},{"storage":"1","varName":"%-estrela","min":"1","max":"100","name":"Generate Random Number"},{"storage":"1","varName":"%-estrela","comparison":"14","value":"80","iftrue":"0","iftrueVal":"","iffalse":"3","iffalseVal":"3","name":"Check Variable"},{"member":"1","varName":"","dataName":"estrela","changeType":"1","value":"1","name":"Control Member Data"},{"behavior":"0","interpretation":"0","code":"const embed = new DiscordJS.RichEmbed()\n        .setColor('#363942')\n        .setAuthor('Mineração concluída', msg.author.avatarURL)\n        .addField(`<:picareta:708832655847719014> **Ferramenta:**`, \"```\" + `${tempVars(\"ferramenta\")} \\n` + \"```\", true)\n        .addField(`<:energia:719743136376684554> **Energia:**`, \"```\" + `${tempVars(\"resultado-energia\")} \\n` + \"```\", true)\n        .addField(`<:tesouro:719735862568550442> **Tesouro:**`, \"```\" + `0 \\n` + \"```\", true)\n        .addField(`<:calcita:719735091605274715> **Calcita:**`, \"```\" + `${tempVars(\"ganho-calcita\")} \\n` + \"```\", true)\n        .addField(`<:marmore:719734901884059719> **Marmore:**`, \"```\" + `${tempVars(\"ganho-marmore\")} \\n` + \"```\", true)\n        .addField(`<:alamita:719734746112065567> **Alamita:**`, \"```\" + `${tempVars(\"ganho-alamita\")} \\n` + \"```\", true)\n        .addField(`<:basalto:719734544366043226> **Basalto:**`, \"```\" + `${tempVars(\"ganho-basalto\")} \\n` + \"```\", true)\n        .addField(`<:obsidiana:719734354179260426> **Obsidiana:**`, \"```\" + `${tempVars(\"ganho-obsidiana\")} \\n` + \"```\", true)\n        .addField(`<:cianita:719734143537119293> **Cianita:**`, \"```\" + `${tempVars(\"ganho-cianita\")} \\n` + \"```\", true)\n        .addField(`<:frag_estrela:719738688208371863> **Estrela:**`, \"```\" + `1 \\n` + \"```\")\nmsg.channel.send(embed)","storage":"0","varName":"","name":"Run Script"},{"name":"End Action Sequence"},{"behavior":"0","interpretation":"0","code":"const embed = new DiscordJS.RichEmbed()\n        .setColor('#363942')\n        .setAuthor('Mineração concluída', msg.author.avatarURL)\n        .addField(`<:picareta:708832655847719014> **Ferramenta:**`, \"```\" + `${tempVars(\"ferramenta\")} \\n` + \"```\", true)\n        .addField(`<:energia:719743136376684554> **Energia:**`, \"```\" + `${tempVars(\"resultado-energia\")} \\n` + \"```\", true)\n        .addField(`<:tesouro:719735862568550442> **Tesouro:**`, \"```\" + `0 \\n` + \"```\", true)\n        .addField(`<:calcita:719735091605274715> **Calcita:**`, \"```\" + `${tempVars(\"ganho-calcita\")} \\n` + \"```\", true)\n        .addField(`<:marmore:719734901884059719> **Marmore:**`, \"```\" + `${tempVars(\"ganho-marmore\")} \\n` + \"```\", true)\n        .addField(`<:alamita:719734746112065567> **Alamita:**`, \"```\" + `${tempVars(\"ganho-alamita\")} \\n` + \"```\", true)\n        .addField(`<:basalto:719734544366043226> **Basalto:**`, \"```\" + `${tempVars(\"ganho-basalto\")} \\n` + \"```\", true)\n        .addField(`<:obsidiana:719734354179260426> **Obsidiana:**`, \"```\" + `${tempVars(\"ganho-obsidiana\")} \\n` + \"```\", true)\n        .addField(`<:cianita:719734143537119293> **Cianita:**`, \"```\" + `${tempVars(\"ganho-cianita\")} \\n` + \"```\", true)\nmsg.channel.send(embed)","storage":"0","varName":"","name":"Run Script"},{"name":"End Action Sequence"},{"anchor_id":"Picareta de Cianita","color":"#80ffff","description":"Picareta de Cianita","name":"Create Anchor"},{"FirstNumber":"${tempVars(\"ver-energia\")}","info":"1","SecondNumber":"25","storage":"1","varName":"resultado-energia","name":"Basic Math Operation"},{"member":"1","varName":"","dataName":"energia","changeType":"0","value":"tempVars(\"resultado-energia\")","name":"Control Member Data"},{"storage":"1","varName":"ganho-calcita","min":"30","max":"40","name":"Generate Random Number"},{"member":"1","varName":"","dataName":"calcita","changeType":"1","value":"tempVars(\"ganho-calcita\")","name":"Control Member Data"},{"storage":"1","varName":"ganho-marmore","min":"15","max":"30","name":"Generate Random Number"},{"member":"1","varName":"","dataName":"marmore","changeType":"1","value":"tempVars(\"ganho-marmore\")","name":"Control Member Data"},{"storage":"1","varName":"ganho-alamita","min":"5","max":"15","name":"Generate Random Number"},{"member":"1","varName":"","dataName":"alamita","changeType":"1","value":"tempVars(\"ganho-alamita\")","name":"Control Member Data"},{"storage":"1","varName":"ganho-basalto","min":"3","max":"10","name":"Generate Random Number"},{"member":"1","varName":"","dataName":"basalto","changeType":"1","value":"tempVars(\"ganho-basalto\")","name":"Control Member Data"},{"storage":"1","varName":"ganho-obsidiana","min":"2","max":"6","name":"Generate Random Number"},{"member":"1","varName":"","dataName":"obsidiana","changeType":"1","value":"tempVars(\"ganho-obsidiana\")","name":"Control Member Data"},{"storage":"1","varName":"ganho-cianita","min":"1","max":"4","name":"Generate Random Number"},{"member":"1","varName":"","dataName":"cianita","changeType":"1","value":"tempVars(\"ganho-cianita\")","name":"Control Member Data"},{"storage":"1","varName":"%-tesouro","min":"1","max":"100","name":"Generate Random Number"},{"storage":"1","varName":"%-tesouro","comparison":"14","value":"80","iftrue":"0","iftrueVal":"","iffalse":"3","iffalseVal":"4","name":"Check Variable"},{"member":"1","varName":"","dataName":"tesouro","changeType":"1","value":"1","name":"Control Member Data"},{"member":"1","varName":"","dataName":"estrela","changeType":"1","value":"1","name":"Control Member Data"},{"behavior":"0","interpretation":"0","code":"const embed = new DiscordJS.RichEmbed()\n        .setColor('#363942')\n        .setAuthor('Mineração concluída', msg.author.avatarURL)\n        .addField(`<:picareta:708832655847719014> **Ferramenta:**`, \"```\" + `${tempVars(\"ferramenta\")} \\n` + \"```\", true)\n        .addField(`<:energia:719743136376684554> **Energia:**`, \"```\" + `${tempVars(\"resultado-energia\")} \\n` + \"```\", true)\n        .addField(`<:tesouro:719735862568550442> **Tesouro:**`, \"```\" + `1 \\n` + \"```\", true)\n        .addField(`<:calcita:719735091605274715> **Calcita:**`, \"```\" + `${tempVars(\"ganho-calcita\")} \\n` + \"```\", true)\n        .addField(`<:marmore:719734901884059719> **Marmore:**`, \"```\" + `${tempVars(\"ganho-marmore\")} \\n` + \"```\", true)\n        .addField(`<:alamita:719734746112065567> **Alamita:**`, \"```\" + `${tempVars(\"ganho-alamita\")} \\n` + \"```\", true)\n        .addField(`<:basalto:719734544366043226> **Basalto:**`, \"```\" + `${tempVars(\"ganho-basalto\")} \\n` + \"```\", true)\n        .addField(`<:obsidiana:719734354179260426> **Obsidiana:**`, \"```\" + `${tempVars(\"ganho-obsidiana\")} \\n` + \"```\", true)\n        .addField(`<:cianita:719734143537119293> **Cianita:**`, \"```\" + `${tempVars(\"ganho-cianita\")} \\n` + \"```\", true)\n        .addField(`<:frag_estrela:719738688208371863> **Estrela:**`, \"```\" + `1 \\n` + \"```\")\nmsg.channel.send(embed)","storage":"0","varName":"","name":"Run Script"},{"name":"End Action Sequence"},{"behavior":"0","interpretation":"0","code":"const embed = new DiscordJS.RichEmbed()\n        .setColor('#363942')\n        .setAuthor('Mineração concluída', msg.author.avatarURL)\n        .addField(`<:picareta:708832655847719014> **Ferramenta:**`, \"```\" + `${tempVars(\"ferramenta\")} \\n` + \"```\", true)\n        .addField(`<:energia:719743136376684554> **Energia:**`, \"```\" + `${tempVars(\"resultado-energia\")} \\n` + \"```\", true)\n        .addField(`<:tesouro:719735862568550442> **Tesouro:**`, \"```\" + `0 \\n` + \"```\", true)\n        .addField(`<:calcita:719735091605274715> **Calcita:**`, \"```\" + `${tempVars(\"ganho-calcita\")} \\n` + \"```\", true)\n        .addField(`<:marmore:719734901884059719> **Marmore:**`, \"```\" + `${tempVars(\"ganho-marmore\")} \\n` + \"```\", true)\n        .addField(`<:alamita:719734746112065567> **Alamita:**`, \"```\" + `${tempVars(\"ganho-alamita\")} \\n` + \"```\", true)\n        .addField(`<:basalto:719734544366043226> **Basalto:**`, \"```\" + `${tempVars(\"ganho-basalto\")} \\n` + \"```\", true)\n        .addField(`<:obsidiana:719734354179260426> **Obsidiana:**`, \"```\" + `${tempVars(\"ganho-obsidiana\")} \\n` + \"```\", true)\n        .addField(`<:cianita:719734143537119293> **Cianita:**`, \"```\" + `${tempVars(\"ganho-cianita\")} \\n` + \"```\", true)\nmsg.channel.send(embed)","storage":"0","varName":"","name":"Run Script"},{"name":"End Action Sequence"},{"anchor_id":"Tempo","color":"#ff8080","description":"Tempo","name":"Create Anchor"},{"time":"${tempVars(\"tempo\")}","storage":"1","varName":"resta","name":"Convert Seconds To D/H/M/S"},{"channel":"0","varName":"","message":"<:relogio:718320431119204423> **|** ${member}, você precisa esperar `${tempVars(\"resta\")}` para executar este comando novamente.","storage":"0","varName2":"","iffalse":"0","iffalseVal":"","name":"Send Message"}]},{"name":"tesouro","permissions":"NONE","restriction":"1","_id":"kgWWe","actions":[{"member":"1","varName":"","dataName":"tesouro","comparison":"4","value":"0","iftrue":"3","iftrueVal":"2","iffalse":"0","iffalseVal":"","name":"Check Member Data"},{"channel":"0","varName":"","message":"<:tesouro:719735862568550442> **|** ${member}, parece que você não tem tesouro. Consiga minerando com a picareta de cianita ou superior.","storage":"0","varName2":"","iffalse":"0","iffalseVal":"","name":"Send Message"},{"name":"End Action Sequence"},{"member":"1","varName":"","dataName":"tesouro","defaultVal":"0","storage":"1","varName2":"ver-tesouro","name":"Store Member Data"},{"FirstNumber":"${tempVars(\"ver-tesouro\")}","info":"1","SecondNumber":"1","storage":"1","varName":"result-tesouro","name":"Basic Math Operation"},{"member":"1","varName":"","dataName":"tesouro","changeType":"0","value":"tempVars(\"result-tesouro\")","name":"Control Member Data"},{"storage":"1","varName":"random","min":"0","max":"100","name":"Generate Random Number"},{"storage":"1","varName":"random","comparison":"13","value":"100","iftrue":"4","iftrueVal":"10","iffalse":"0","iffalseVal":"","name":"Check Variable"},{"name":"End Action Sequence"},{"anchor_id":"10","color":"#80ffff","description":"10","name":"Create Anchor"},{"member":"1","varName":"","dataName":"estrela","changeType":"1","value":"1","name":"Control Member Data"},{"behavior":"0","interpretation":"0","code":"const embed = new DiscordJS.RichEmbed()\n        .setColor('#363942')\n        .setAuthor('Tesouro aberto', msg.author.avatarURL)\n        .setDescription('**Você abriu um tesouro. Você tem a chance de ganhar algum item lendario, caso queira ver a lista de itens use `r/lendarios`.**')\n        .addField(`<:tesouro:719735862568550442> **Bau aberto:**`, `<:frag_estrela:719738688208371863> Fragmento de estrela: 1 \\n`)\n        .setFooter(`Troque seus fragmentos de estrela usando r/trocas`)\nmsg.channel.send(embed)","storage":"0","varName":"","name":"Run Script"}]},{"name":"<a style=\"color:red;\"><center>RPG","permissions":"NONE","restriction":"1","_id":"kdBWk","actions":[],"comType":"0"},{"name":"loja","permissions":"NONE","restriction":"1","_id":"RCLnK","actions":[{"behavior":"0","interpretation":"0","code":"const embed = new DiscordJS.RichEmbed()\n        .setColor('#363942')\n        .setAuthor('Loja', msg.author.avatarURL)\n        .setDescription('```Para comprar algo utilize r/comprar <id> ``` ')\n        .addField(`<:picareta:708832655847719014> **Ferramentas:**`, \"```\" + `<101> Picareta de Ferro\\n<102> Picareta de Obsidiana\\n<103> Picareta de Cianita` + \"```\", true)\n        .addField(`<:energia:719743136376684554> **Energia:**`, \"```\" + `<201> Pacote de 50\\n<202> Pacote de 100\\n<203> Pacote de 200` + \"```\")\nmsg.channel.send(embed)","storage":"0","varName":"","name":"Run Script"}]},{"name":"lendarios","permissions":"NONE","restriction":"1","_id":"hpYpZ","actions":[{"behavior":"0","interpretation":"0","code":"const embed = new DiscordJS.RichEmbed()\n        .setColor('#363942')\n        .setAuthor('Lista dos itens lendários', msg.author.avatarURL)\n        .setDescription(' ``` Itens lendários são adicionados frequentementes ``` ')\n        .addField(`<:frag_estrela:719738688208371863> **Fragmento de Estrela:**`, `**Um pequeno pedaço de uma estrela que caiu há muuuitos anos, sabe-se que dentro dele há um grande poder guardado, porém ainda não se sabe como usar.**  `)\n        .setFooter(`Você pode vender seus itens ou trocar usando r/trocas`)\nmsg.channel.send(embed)","storage":"0","varName":"","name":"Run Script"}]},{"name":"vender","permissions":"NONE","restriction":"1","_id":"wdcYe","actions":[{"member":"1","varName":"","dataName":"cianita","defaultVal":"0","storage":"1","varName2":"cianita","name":"Store Member Data"},{"member":"1","varName":"","dataName":"obsidiana","defaultVal":"0","storage":"1","varName2":"obsidiana","name":"Store Member Data"},{"member":"1","varName":"","dataName":"basalto","defaultVal":"0","storage":"1","varName2":"basalto","name":"Store Member Data"},{"member":"1","varName":"","dataName":"alamita","defaultVal":"0","storage":"1","varName2":"alamita","name":"Store Member Data"},{"member":"1","varName":"","dataName":"marmore","defaultVal":"0","storage":"1","varName2":"marmore","name":"Store Member Data"},{"member":"1","varName":"","dataName":"calcita","defaultVal":"0","storage":"1","varName2":"calcita","name":"Store Member Data"},{"FirstNumber":"${tempVars(\"cianita\")}","info":"2","SecondNumber":"500","storage":"1","varName":"m1","name":"Basic Math Operation"},{"FirstNumber":"${tempVars(\"obsidiana\")}","info":"2","SecondNumber":"400","storage":"1","varName":"m2","name":"Basic Math Operation"},{"FirstNumber":"${tempVars(\"basalto\")}","info":"2","SecondNumber":"300","storage":"1","varName":"m3","name":"Basic Math Operation"},{"FirstNumber":"${tempVars(\"alamita\")}","info":"2","SecondNumber":"200","storage":"1","varName":"m4","name":"Basic Math Operation"},{"FirstNumber":"${tempVars(\"marmore\")}","info":"2","SecondNumber":"150","storage":"1","varName":"m5","name":"Basic Math Operation"},{"FirstNumber":"${tempVars(\"calcita\")}","info":"2","SecondNumber":"110","storage":"1","varName":"m6","name":"Basic Math Operation"},{"FirstNumber":"${tempVars(\"m1\")}","info":"0","SecondNumber":"${tempVars(\"m2\")}","storage":"1","varName":"r1","name":"Basic Math Operation"},{"FirstNumber":"${tempVars(\"m3\")}","info":"0","SecondNumber":"${tempVars(\"m4\")}","storage":"1","varName":"r2","name":"Basic Math Operation"},{"FirstNumber":"${tempVars(\"m5\")}","info":"0","SecondNumber":"${tempVars(\"m6\")}","storage":"1","varName":"r3","name":"Basic Math Operation"},{"FirstNumber":"${tempVars(\"r1\")}","info":"0","SecondNumber":"${tempVars(\"r3\")}","storage":"1","varName":"f1","name":"Basic Math Operation"},{"FirstNumber":"${tempVars(\"r3\")}","info":"0","SecondNumber":"${tempVars(\"f1\")}","storage":"1","varName":"resultado","name":"Basic Math Operation"},{"member":"1","varName":"","dataName":"cianita","changeType":"0","value":"0","name":"Control Member Data"},{"member":"1","varName":"","dataName":"obsidiana","changeType":"0","value":"0","name":"Control Member Data"},{"member":"1","varName":"","dataName":"basalto","changeType":"0","value":"0","name":"Control Member Data"},{"member":"1","varName":"","dataName":"alamita","changeType":"0","value":"0","name":"Control Member Data"},{"member":"1","varName":"","dataName":"marmore","changeType":"0","value":"0","name":"Control Member Data"},{"member":"1","varName":"","dataName":"calcita","changeType":"0","value":"0","name":"Control Member Data"},{"member":"1","varName":"","dataName":"coins","changeType":"1","value":"tempVars(\"resultado\")","name":"Control Member Data"},{"channel":"0","varName":"","message":"<:moneybag:718172199713898618> **|** ${member}, você vendeu todos os seus itens! E ganhou `${tempVars(\"resultado\")}` RCoins.","storage":"0","varName2":"","iffalse":"0","iffalseVal":"","name":"Send Message"}]},{"name":"<a style=\"color:red;\"><center>Geral","permissions":"NONE","restriction":"1","_id":"GYKFp","actions":[],"comType":"0"},{"name":"perfil","permissions":"NONE","restriction":"1","_id":"hJqIF","actions":[{"title":"${msg.author.avatarURL}","author":"Perfil","color":"#363942","url":"","authorIcon":"","authorUrl":"","imageUrl":"","thumbUrl":"","timestamp":"false","debug":"false","text":"","year":"","month":"","day":"","hour":"","minute":"","second":"","storage":"1","varName":"a","name":"Create Embed Message"},{"storage":"1","varName":"","fieldName":"","message":"","inline":"1","name":"Add Embed Field"}]},{"name":"configurar","permissions":"NONE","restriction":"1","actions":[{"condition":"0","comparison":"0","value":"0","iftrue":"0","iftrueVal":"","iffalse":"3","iffalseVal":"2","name":"Check Parameters"},{"channel":"0","varName":"","message":":warning: ${member} | **Use `r/configurar on` ou `r/configurar off`.**","storage":"0","varName2":"","iffalse":"0","iffalseVal":"","name":"Send Message"},{"name":"End Action Sequence"},{"info":"0","infoIndex":"1","storage":"1","varName":"opção","name":"Store Command Params"},{"storage":"1","varName":"opção","comparison":"12","value":"/(on)/i","iftrue":"4","iftrueVal":"On","iffalse":"0","iffalseVal":"","name":"Check Variable"},{"storage":"1","varName":"opção","comparison":"12","value":"/(off)/i","iftrue":"4","iftrueVal":"Off","iffalse":"1","iffalseVal":"","name":"Check Variable"},{"name":"End Action Sequence"},{"anchor_id":"On","color":"#80ffff","description":"On","name":"Create Anchor"},{"server":"0","varName":"","dataName":"anti-invites-automatico","changeType":"0","value":"2","name":"Control Server Data"},{"channel":"0","varName":"","message":":white_check_mark: **|** ${member}, anti-Invites foi ativado com sucesso!","storage":"0","varName2":"","iffalse":"0","iffalseVal":"","name":"Send Message"},{"name":"End Action Sequence"},{"anchor_id":"Off","color":"#80ffff","description":"Off","name":"Create Anchor"},{"server":"0","varName":"","dataName":"anti-invites-automatico","changeType":"0","value":"3","name":"Control Server Data"},{"channel":"0","varName":"","message":":x:**|** ${member}, anti-invites desativado com sucesso!","storage":"0","varName2":"","iffalse":"0","iffalseVal":"","name":"Send Message"}],"comType":"0","_id":"gYmQU"},{"name":"status","permissions":"NONE","restriction":"1","_id":"ZZbtl","actions":[{"member":"1","varName":"","dataName":"mensagem-individual","defaultVal":"0","storage":"1","varName2":"msg-enviada","name":"Store Member Data"},{"member":"1","varName":"","dataName":"votes","defaultVal":"0","storage":"1","varName2":"votes","name":"Store Member Data"},{"behavior":"0","interpretation":"0","code":"const embed = new DiscordJS.RichEmbed()\n        .setColor('#363942')\n        .setAuthor('Seu status', msg.author.avatarURL)\n        .setDescription('```Aqui está algumas informações sobre você ``` ')\n        .addField(`<:mensagem:720313564165963897> **Mensagens Enviadas:**`, \"```\" + `${tempVars(\"msg-enviada\")} \\n` + \"```\", true)\n        .addField(`<:voto:720316985900269638> **Votos:**`, \"```\" + `${tempVars(\"votes\")} \\n` + \"```\", true)\nmsg.channel.send(embed)","storage":"0","varName":"","name":"Run Script"}]},{"name":"novidades","permissions":"NONE","restriction":"1","_id":"QgTNz","actions":[{"title":"Novidades","author":"","color":"#363942","url":"","authorIcon":"","authorUrl":"","imageUrl":"","thumbUrl":"","timestamp":"false","debug":"false","text":"","year":"","month":"","day":"","hour":"","minute":"","second":"","storage":"1","varName":"a","name":"Create Embed Message"},{"storage":"1","varName":"a","message":"<:relatorio:718323964635512843> **Versão 1.0.1 implementada.\n↳ Adicionado `r/diario`.\n↳ Cooldown arrumado do `r/investir`.\n↳ Adicionado recompensa ao votar no bot.\n","name":"Set Embed Description"},{"storage":"1","varName":"a","channel":"0","varName2":"","storage3":"0","varName3":"","iffalse":"0","iffalseVal":"","messageContent":"","name":"Send Embed Message"}],"_aliases":["novidade"]},{"name":"spoilers","permissions":"NONE","restriction":"1","_id":"CNEZJ","actions":[{"title":"Spoilers","author":"","color":"#363942","url":"","authorIcon":"","authorUrl":"","imageUrl":"","thumbUrl":"","timestamp":"false","debug":"false","text":"","year":"","month":"","day":"","hour":"","minute":"","second":"","storage":"1","varName":"a","name":"Create Embed Message"},{"storage":"1","varName":"a","message":"<:relatorio:718323964635512843> **__~~Versão 1.1~~__\n↳ Sistema de música completo;\n↳ Melhorias no visual dos comandos;\n↳ Mais comandos no sistema de economia.**","name":"Set Embed Description"},{"storage":"1","varName":"a","channel":"0","varName2":"","storage3":"0","varName3":"","iffalse":"0","iffalseVal":"","messageContent":"","name":"Send Embed Message"}],"_aliases":["spoiler"]},{"name":"ping","permissions":"NONE","restriction":"1","_id":"SXzHH","actions":[{"info":"5","storage":"1","varName2":"ping","name":"Store Bot Client Info"},{"title":"","author":"Pong","color":"#363942","url":"","authorIcon":"","authorUrl":"","imageUrl":"","thumbUrl":"","timestamp":"false","debug":"false","text":"","year":"","month":"","day":"","hour":"","minute":"","second":"","storage":"1","varName":"a","name":"Create Embed Message"},{"storage":"1","varName":"a","message":"<:ping:718604576764329994> **__${tempVars(\"ping\")} ms__**","name":"Set Embed Description"},{"storage":"1","varName":"a","channel":"0","varName2":"","storage3":"0","varName3":"","iffalse":"0","iffalseVal":"","messageContent":"","name":"Send Embed Message"}],"_aliases":["pg"]},{"name":"apagar","permissions":"MANAGE_MESSAGES","restriction":"1","actions":[{"condition":"0","comparison":"0","value":"0","iftrue":"0","iftrueVal":"","iffalse":"3","iffalseVal":"2","name":"Check Parameters"},{"channel":"0","varName":"","message":":x: **|** ${member}, você precisa colocar o número de linhas entre 2 e 100!","storage":"0","varName2":"","iffalse":"0","iffalseVal":"","name":"Send Message"},{"name":"End Action Sequence"},{"info":"0","infoIndex":"1","storage":"1","varName":"numero","name":"Store Command Params"},{"channel":"0","count":"${tempVars(\"numero\")}","condition":"0","custom":"","varName":"","name":"Delete Bulk Messages"},{"storage":"0","varName":"","name":"Delete Message"},{"name":"End Action Sequence"}],"_id":"uaFfH","comType":"0"},{"name":"ajuda","permissions":"NONE","restriction":"1","_id":"thWrn","actions":[{"title":"Ravena Ajuda","author":"${member.displayName}","color":"#363942","url":"","authorIcon":"${msg.author.avatarURL}","authorUrl":"","imageUrl":"","thumbUrl":"","timestamp":"false","debug":"false","text":"","year":"","month":"","day":"","hour":"","minute":"","second":"","storage":"1","varName":"embed","name":"Create Embed Message"},{"storage":"1","varName":"embed","fieldName":"<:fun:719018508087722006> **Diversão:**","message":"`lixo` | `ship` | `comunista` | `gay` | `supreme` | `x9` | `fatos` | `pornhub` | `piada`","inline":"1","name":"Add Embed Field"},{"storage":"1","varName":"embed","fieldName":"⚙️ **Geral:**","message":"`novidades` | `spoilers` | `ping` | `apagar` | `serverinfo` | `avatar` | `servericon` | `botinfo` | `reportar` | `sugerir` | `userinfo` | `configurar`","inline":"1","name":"Add Embed Field"},{"storage":"1","varName":"embed","fieldName":"<:money:717935490828861472> **Economia:**","message":"`ricos` | `perfil` | `bolsa` | `investir` | `vender` ","inline":"1","name":"Add Embed Field"},{"storage":"1","varName":"embed","fieldName":"<:relatorio:718323964635512843> **Mais informações:** ","message":"** <:um:718939100194930778> Veja as novidades usando `r/novidades`.\n<:dois:718939206264684665> Veja o que será adicionado em breve usando `r/spoilers`.\n<:adicionar:718327622018269205> [Me adicione no seu servidor](https://discord.com/oauth2/authorize?client_id=681604378968457421&scope=bot&permissions=2080374975).\n<:casa:718327708714795038> [Entre no meu servidor](https://discord.gg/v4ZZe7G).\n<:coracao:718328091151171685> [Me ajude votando em mim e ganhe recompensas](https://botsparadiscord.com/bots/681604378968457421/votar).**","inline":"1","name":"Add Embed Field"},{"storage":"1","varName":"embed","channel":"0","varName2":"","storage3":"0","varName3":"","iffalse":"0","iffalseVal":"","messageContent":"","name":"Send Embed Message"}],"_aliases":["help"]},{"name":"serverinfo","permissions":"NONE","restriction":"1","_id":"Muysi","actions":[{"server":"0","varName":"","info":"18","storage":"1","varName2":"data","name":"Store Server Info"},{"sourceDate":"${tempVars(\"data\")}","dateLanguage":"br","modeStorage":"1","info":"0","buildInput":"DD/MM/YYYY","storage":"1","varName":"ver1","name":"Store Date Info Plus"},{"behavior":"0","interpretation":"0","code":"const embed = new DiscordJS.RichEmbed()\n        .setColor('#363942')\n        .setAuthor(msg.guild.name, msg.guild.iconURL)\n        .setThumbnail(msg.guild.iconURL)\n        .addField('👑 **Criador do Servidor:**',`↳ ${msg.guild.owner.displayName}`)\n        .addField('<:id:718197605053759548> **ID do Servidor:**',`↳  ${msg.guild.id}`)\n        .addField('<:calendario:718198214825738302> **Data de criação:**',`↳ ${tempVars(\"ver1\")}`)\n        .addField(`👥 **Membros [${msg.guild.memberCount}]**`, `↳ Humanos: ${msg.guild.members.filter(m => m.user.bot == false).size} \\n ↳ Bots: ${msg.guild.members.filter(m => m.user.bot == true).size} \\n \\n **<:online:718207197108109312> Online: ${msg.guild.members.filter(m => m.user.presence.status == \"online\").size} \\n <:ausente:718272371471024158> Ausente: ${msg.guild.members.filter(m => m.user.presence.status == \"idle\").size} \\n <:offline:718207026680823848> Offline: ${msg.guild.members.filter(m => m.user.presence.status == \"offline\").size} \\n <:ocupado:718207130238451832> Ocupado: ${msg.guild.members.filter(m => m.user.presence.status == \"dnd\").size}**`)\nmsg.channel.send(embed)","storage":"0","varName":"","name":"Run Script"}],"_aliases":["si"]},{"name":"avatar","permissions":"NONE","restriction":"1","_id":"Zoejv","actions":[{"condition":"1","comparison":"0","value":"1","iftrue":"0","iftrueVal":"","iffalse":"3","iffalseVal":"2","name":"Check Parameters"},{"description":"@","jump_to_anchor":"@","color":"#0080ff","name":"Jump to Anchor"},{"name":"End Action Sequence"},{"description":"M","jump_to_anchor":"M","color":"#0080ff","name":"Jump to Anchor"},{"name":"End Action Sequence"},{"anchor_id":"@","color":"#0080ff","description":"@","name":"Create Anchor"},{"member":"0","varName":"","info":"12","storage":"1","varName2":"avata-url","name":"Store Member Info"},{"member":"0","varName":"","info":"18","storage":"1","varName2":"tag-@","name":"Store Member Info"},{"behavior":"0","interpretation":"0","code":"const embed = new DiscordJS.RichEmbed()\n        .setColor('#363942')\n        .setTitle('Clique aqui para baixar')\n        .setURL(`${tempVars(\"avata-url\")}`)\n        .setDescription(`**Avatar de ${tempVars(\"tag-@\")}**`)\n        .setImage(`${tempVars(\"avata-url\")}`)\nmsg.channel.send(embed)","storage":"0","varName":"","name":"Run Script"},{"name":"End Action Sequence"},{"anchor_id":"M","color":"#0080ff","description":"M","name":"Create Anchor"},{"member":"1","varName":"","info":"12","storage":"1","varName2":"avata-url","name":"Store Member Info"},{"member":"1","varName":"","info":"18","storage":"1","varName2":"tag-@","name":"Store Member Info"},{"behavior":"0","interpretation":"0","code":"const embed = new DiscordJS.RichEmbed()\n        .setColor('#363942')\n        .setTitle('Clique aqui para baixar')\n        .setURL(`${tempVars(\"avata-url\")}`)\n        .setDescription(`**Avatar de ${tempVars(\"tag-@\")}**`)\n        .setImage(`${tempVars(\"avata-url\")}`)\nmsg.channel.send(embed)","storage":"0","varName":"","name":"Run Script"},{"name":"End Action Sequence"}]},{"name":"servericon","permissions":"NONE","restriction":"1","_id":"CrPsB","actions":[{"behavior":"0","interpretation":"0","code":"const embed = new DiscordJS.RichEmbed()\n        .setColor('#363942')\n        .setTitle('Clique aqui para baixar')\n        .setURL(`${msg.guild.iconURL}`)\n        .setImage(`${msg.guild.iconURL}`)\nmsg.channel.send(embed)","storage":"0","varName":"","name":"Run Script"}],"_aliases":["svi"]},{"name":"botinfo","permissions":"NONE","restriction":"1","_id":"QEHaZ","actions":[{"info":"44","storage":"1","varName2":"owner-id","name":"Store Bot Client Info"},{"info":"0","find":"${tempVars(\"owner-id\")}","storage":"1","varName":"member","find2":"0","iffalse":"0","iffalseVal":"","name":"Find Member"},{"member":"2","varName":"member","info":"18","storage":"1","varName2":"dono","name":"Store Member Info"},{"info":"23","storage":"1","varName2":"dias","name":"Store Bot Client Info"},{"info":"24","storage":"1","varName2":"horas","name":"Store Bot Client Info"},{"info":"25","storage":"1","varName2":"minutos","name":"Store Bot Client Info"},{"info":"26","storage":"1","varName2":"segundos","name":"Store Bot Client Info"},{"info":"11","storage":"1","varName2":"emojis","name":"Store Bot Client Info"},{"info":"37","storage":"1","varName2":"total-memoria","name":"Store Bot Client Info"},{"info":"29","storage":"1","varName2":"uso-cpu","name":"Store Bot Client Info"},{"server":"0","varName":"","storage":"1","varName2":"bot","name":"Get Bot as Member"},{"member":"2","varName":"bot","info":"12","storage":"1","varName2":"bot-url","name":"Store Member Info"},{"dataName":"msg-enviadas-global","defaultVal":"0","storage":"1","varName":"msg-enviadas-global","name":"Store Global Data"},{"dataName":"msg-enviadas-reset","defaultVal":"0","storage":"1","varName":"msg-enviadas-reset","name":"Store Global Data"},{"behavior":"0","interpretation":"0","code":"const embed = new DiscordJS.RichEmbed()\n        .setColor('#363942')\n        .setAuthor('Ravena Info')\n        .setThumbnail(`${tempVars(\"bot-url\")}`)\n        .setDescription('```Olá, meu nome é Ravena e fui criada com o objetivo de divertir, organizar, e moderar seu servidor! Nesse comando você consegue ter uma visão geral dos meus dados. ```')\n        .addField(`<:nascimento:718289817141641268> **Data de criação:**`, '01/06/20')\n        .addField(`<:id:718197605053759548> **Meu ID:**`, '708783554754248804', true)\n        .addField('**👑 Criador:**', `${tempVars(\"dono\")}`,true)\n        .addField('**<:relogio:718320431119204423> Uptime:**',\"```\" + `${tempVars(\"horas\") < 10 ? \"0\" + tempVars(\"horas\") : tempVars(\"horas\")}:${tempVars(\"minutos\") < 10 ? \"0\" + tempVars(\"minutos\") : tempVars(\"minutos\")}:${tempVars(\"segundos\")}` +\"```\")\n        .addField('**<:computador:718320766902337586> Servidores:**', \"```\" + `${this.getDBM().Bot.bot.guilds.size}` + \"```\", true)\n        .addField('**<:membros:718321109543682073> Membros:**',\"```\" + `${this.getDBM().Bot.bot.users.size}` + \"```\", true)\n        .addField('**<:sorriso:718321417321578508> Total de emojis:**',\"```\" + `${tempVars(\"emojis\")}` + \"```\", true)\n        .addField('**<:memoria:718321885107978281> Memoria:**',\"```\" + `${Math.floor((process.memoryUsage().heapUsed / 1024)/1024)}/${tempVars(\"total-memoria\")} MB` + \"```\", true)\n        .addField('**<:ms:718323127641440287> Ping:**',\"```\" + `${Math.floor(client.ping)} ms` + \"```\", true)\n        .addField('**<:cpu:718322680914247701> CPU:**',\"```\" + `${tempVars(\"uso-cpu\")} mb` + \"```\", true)\n        .addField('**<:cmd:718323726101381160> Prefixo:**',\"```\" + `${this.getDBM().Files.data.settings.tag}` + \"```\")\n        .addField('**<:relatorio:718323964635512843> Informações Globais:**', \"```\" + `Mensagens enviadas ( Sem reset ): ${tempVars(\"msg-enviadas-global\")} \\nMensagens enviadas ( Com reset ): ${tempVars(\"msg-enviadas-reset\") === undefined ? \"0\" : tempVars(\"msg-enviadas-reset\")}` + \"```\")\n        .addField('**<:relatorio:718323964635512843> Informações Adicionais:**', `<:adicionar:718327622018269205> **[Me adicione no seu servidor](https://discord.com/oauth2/authorize?client_id=681604378968457421&scope=bot&permissions=2080374975) \\n <:casa:718327708714795038> [Entre no meu servidor](https://discord.gg/v4ZZe7G) \\n <:coracao:718328091151171685> [Me ajude votando em mim](https://botsparadiscord.com/bots/681604378968457421/votar)**`)\nmsg.channel.send(embed)","storage":"0","varName":"","name":"Run Script"}],"_aliases":["bi"],"comType":"0"},{"name":"reportar","permissions":"NONE","restriction":"1","_id":"mfOeU","actions":[{"condition":"0","comparison":"0","value":"0","iftrue":"0","iftrueVal":"","iffalse":"3","iffalseVal":"2","name":"Check Parameters"},{"channel":"0","varName":"","message":":x: **|** ${member}, use `r/reportar <bug>.`","storage":"0","varName2":"","iffalse":"0","iffalseVal":"","name":"Send Message"},{"name":"End Action Sequence"},{"measurement":"2","value":"5","save":"0","iftrue":"4","iftrueVal":"Tempo","iffalse":"0","iffalseVal":"","storage":"1","varName":"tempo","name":"Set Time Restriction"},{"info":"1","infoIndex":"1","storage":"1","varName":"bug","name":"Store Command Params"},{"member":"1","varName":"","info":"18","storage":"1","varName2":"tag","name":"Store Member Info"},{"info":"0","find":"673644958946689054","storage":"1","varName":"sv","name":"Find Server"},{"server":"1","varName":"sv","name":"Change Server"},{"info":"0","find":"718552145619714180","storage":"1","varName":"canal","name":"Find Channel"},{"title":"Report de bugs","author":"${tempVars(\"tag\")}","color":"#363942","url":"","authorIcon":"${msg.author.avatarURL}","authorUrl":"","imageUrl":"","thumbUrl":"","timestamp":"false","debug":"false","text":"","year":"","month":"","day":"","hour":"","minute":"","second":"","storage":"1","varName":"embed","name":"Create Embed Message"},{"storage":"1","varName":"embed","fieldName":"**Bug:**","message":"```${tempVars(\"bug\")}```","inline":"1","name":"Add Embed Field"},{"storage":"1","varName":"embed","channel":"5","varName2":"canal","storage3":"0","varName3":"","iffalse":"0","iffalseVal":"","messageContent":"","name":"Send Embed Message"},{"channel":"0","varName":"","message":"<:correto:718559280931930193> **|** ${member}, sua denúncia foi enviada. Agradeço por tentar ajudar a melhorar cada vez mais. Caso o bug seja confirmado, você receberá uma recompensa de acordo com a gravidade!","storage":"0","varName2":"","iffalse":"0","iffalseVal":"","name":"Send Message"},{"name":"End Action Sequence"},{"anchor_id":"Tempo","color":"#0080ff","description":"Tempo","name":"Create Anchor"},{"time":"${tempVars(\"tempo\")}","storage":"1","varName":"resta","name":"Convert Seconds To D/H/M/S"},{"channel":"0","varName":"","message":"<:relogio:718320431119204423> **|** ${member}, você precisa esperar `${tempVars(\"resta\")}` para executar esse comando novamente!","storage":"0","varName2":"","iffalse":"0","iffalseVal":"","name":"Send Message"}],"_aliases":["report"]},{"name":"sugerir","permissions":"NONE","restriction":"1","_id":"VMmHw","actions":[{"condition":"0","comparison":"0","value":"0","iftrue":"0","iftrueVal":"","iffalse":"3","iffalseVal":"2","name":"Check Parameters"},{"channel":"0","varName":"","message":":x: **|** ${member}, use `r/sugerir <sugestão>.`","storage":"0","varName2":"","iffalse":"0","iffalseVal":"","name":"Send Message"},{"name":"End Action Sequence"},{"measurement":"2","value":"5","save":"0","iftrue":"4","iftrueVal":"Tempo","iffalse":"0","iffalseVal":"","storage":"1","varName":"tempo","name":"Set Time Restriction"},{"info":"1","infoIndex":"1","storage":"1","varName":"bug","name":"Store Command Params"},{"member":"1","varName":"","info":"18","storage":"1","varName2":"tag","name":"Store Member Info"},{"info":"0","find":"673644958946689054","storage":"1","varName":"sv","name":"Find Server"},{"server":"1","varName":"sv","name":"Change Server"},{"info":"0","find":"718552571593228319","storage":"1","varName":"canal","name":"Find Channel"},{"title":"Report de bugs","author":"${tempVars(\"tag\")}","color":"#363942","url":"","authorIcon":"${msg.author.avatarURL}","authorUrl":"","imageUrl":"","thumbUrl":"","timestamp":"false","debug":"false","text":"","year":"","month":"","day":"","hour":"","minute":"","second":"","storage":"1","varName":"embed","name":"Create Embed Message"},{"storage":"1","varName":"embed","fieldName":"**Bug:**","message":"```${tempVars(\"bug\")}```","inline":"1","name":"Add Embed Field"},{"storage":"1","varName":"embed","channel":"5","varName2":"canal","storage3":"0","varName3":"","iffalse":"0","iffalseVal":"","messageContent":"","name":"Send Embed Message"},{"channel":"0","varName":"","message":"<:correto:718559280931930193> **|** ${member}, sua sugestão foi enviada. Agradeço por tentar ajudar a melhorar cada vez mais. Caso sua sugestão seja aprovada iremos te recompensar!","storage":"0","varName2":"","iffalse":"0","iffalseVal":"","name":"Send Message"},{"name":"End Action Sequence"},{"anchor_id":"Tempo","color":"#0080ff","description":"Tempo","name":"Create Anchor"},{"time":"${tempVars(\"tempo\")}","storage":"1","varName":"resta","name":"Convert Seconds To D/H/M/S"},{"channel":"0","varName":"","message":"<:relogio:718320431119204423> **|** ${member}, você precisa esperar `${tempVars(\"resta\")}` para executar esse comando novamente!","storage":"0","varName2":"","iffalse":"0","iffalseVal":"","name":"Send Message"}]},{"name":"userinfo","permissions":"NONE","restriction":"1","_id":"BoVMw","actions":[{"condition":"1","comparison":"0","value":"0","iftrue":"0","iftrueVal":"","iffalse":"3","iffalseVal":"2","name":"Check Parameters"},{"channel":"0","varName":"","message":":x: **|** ${member}, utilize `r/userinfo <@user>`.","storage":"0","varName2":"","iffalse":"0","iffalseVal":"","name":"Send Message"},{"name":"End Action Sequence"},{"member":"0","varName":"","info":"18","storage":"1","varName2":"tag","name":"Store Member Info"},{"member":"0","varName":"","info":"12","storage":"1","varName2":"avatar","name":"Store Member Info"},{"member":"0","varName":"","info":"17","storage":"1","varName2":"data-criação","name":"Store Member Info"},{"member":"0","varName":"","info":"7","storage":"1","varName2":"maior-tag","name":"Store Member Info"},{"member":"0","varName":"","info":"14","storage":"1","varName2":"entrou","name":"Store Member Info"},{"member":"0","varName":"","info":"1","storage":"1","varName2":"id","name":"Store Member Info"},{"comment":"Convert \"Nascimento\"","color":"#0080ff","name":"Comment"},{"date":"${tempVars(\"data-criação\")}","info":"4","storage":"1","varName":"dia","name":"Store Date Info"},{"date":"${tempVars(\"data-criação\")}","info":"8","storage":"1","varName":"mes","name":"Store Date Info"},{"date":"${tempVars(\"data-criação\")}","info":"5","storage":"1","varName":"ano","name":"Store Date Info"},{"comment":"Convert \"Entrou\"","color":"#0080ff","name":"Comment"},{"date":"${tempVars(\"entrou\")}","info":"4","storage":"1","varName":"dia1","name":"Store Date Info"},{"date":"${tempVars(\"entrou\")}","info":"8","storage":"1","varName":"mes1","name":"Store Date Info"},{"date":"${tempVars(\"entrou\")}","info":"5","storage":"1","varName":"ano1","name":"Store Date Info"},{"behavior":"0","interpretation":"0","code":"const embed = new DiscordJS.RichEmbed()\n        .setColor('#363942')\n        .setAuthor(msg.guild.name, msg.guild.iconURL)\n        .setThumbnail(`${tempVars(\"avatar\")}`)\n        .addField('**👑 Tag:**', `${tempVars(\"tag\")}`, true)\n        .addField(`<:id:718197605053759548> **Meu ID:**`, `${tempVars(\"id\")}`, true)\n        .addField(`<:nascimento:718289817141641268> **Criação da conta:**`, `${tempVars(\"dia\")}/${tempVars(\"mes\")}/${tempVars(\"ano\")}`, true)\n        .addField('**<:calendario:718198214825738302> Entrou em:**', `${tempVars(\"dia1\")}/${tempVars(\"mes1\")}/${tempVars(\"ano1\")}`, true)\n        .addField('**<:computador:718320766902337586> Maior Role::**', `${tempVars(\"maior-tag\")}`, true)\nmsg.channel.send(embed)","storage":"0","varName":"","name":"Run Script"}],"_aliases":["ui"]}]