[null,{"name":"<a style=\"color:green;\">│</a> <u><b>Cotação","temp":"","event-type":"1","_id":"UGPmW","actions":[{"behavior":"0","interpretation":"0","code":"Actions.random = function randomNumber(min, max) {\n    return Math.floor(Math.random() * (max - min) + min); \n}","storage":"0","varName":"","name":"Run Script"}]},{"name":"Apagar depois","temp":"mensagem","event-type":"2","_id":"eAnSs","actions":[{"message":"1","varName":"mensagem","info":"3","storage":"1","varName2":"autor","name":"Store Message Info"},{"member":"2","varName":"autor","info":"1","storage":"1","varName2":"id","name":"Store Member Info"},{"storage":"1","varName":"id","comparison":"1","value":"398159694453014528","iftrue":"0","iftrueVal":"","iffalse":"1","iffalseVal":"","name":"Check Variable"},{"storage":"1","varName":"mensagem","name":"Delete Message"}]},{"name":"<a style=\"color:#34dab3\"; > ⠀ | > </a> Inicializar","temp":"","event-type":"1","_id":"OJkZo","actions":[{"dataName":"bitcoin","changeType":"0","value":"${Actions.random(2000,3000)}","name":"Control Global Data"},{"dataName":"litecoin","changeType":"0","value":"${Actions.random(1000,1800)}","name":"Control Global Data"},{"dataName":"zcash","changeType":"0","value":"${Actions.random(100,800)}","name":"Control Global Data"},{"dataName":"valor-mercado","changeType":"0","value":"${Actions.random(1,11)}","name":"Control Global Data"}]},{"name":"<a style=\"color:#34dab3\"; > ⠀ | > </a> On Interval","temp":"600","event-type":"3","_id":"tUEHu","actions":[{"dataName":"bitcoin","changeType":"0","value":"${Actions.random(2000,3000)}","name":"Control Global Data"},{"dataName":"litecoin","changeType":"0","value":"${Actions.random(1000,1800)}","name":"Control Global Data"},{"dataName":"zcash","changeType":"0","value":"${Actions.random(100,800)}","name":"Control Global Data"},{"dataName":"valor-mercado","changeType":"0","value":"${Actions.random(1,11)}","name":"Control Global Data"}]},{"name":"<a style=\"color:green;\">│</a> <u><b>Mensagens","temp":"","event-type":"0","_id":"siAnB","actions":[]},{"name":"<a style=\"color:#34dab3\"; > ⠀ | > </a> Contador de Msg","temp":"mensagem","event-type":"2","_id":"AruXh","actions":[{"dataName":"msg-enviadas-global","changeType":"1","value":"1","name":"Control Global Data"},{"dataName":"msg-enviadas-reset","changeType":"1","value":"1","name":"Control Global Data"}]},{"name":"<a style=\"color:#34dab3\"; > ⠀ | > </a> Contador de Msg Indivi.","temp":"mensagem","event-type":"2","_id":"IfnvY","actions":[{"message":"1","varName":"mensagem","info":"3","storage":"1","varName2":"autor","name":"Store Message Info"},{"member":"2","varName":"autor","dataName":"mensagem-individual","changeType":"1","value":"1","name":"Control Member Data"}]},{"name":"<a style=\"color:#34dab3\"; > ⠀ | > </a> Reset Contador de Msg","temp":"mensagem","event-type":"1","_id":"wvqej","actions":[{"dataName":"msg-enviadas-reset","changeType":"0","value":"0","name":"Control Global Data"}]},{"name":"<a style=\"color:green;\">│</a> <u><b>Outros","temp":"","event-type":"0","_id":"iHeDl","actions":[]},{"name":"<a style=\"color:#34dab3\"; > ⠀ | > </a> check votes","temp":"","event-type":"0","_id":"DdRgt","actions":[{"behavior":"3","name":"Run Action Sequence Once"},{"anchor_id":"b","color":"#000000","description":"","name":"Create Anchor"},{"info":"0","find":"528352472389910529","storage":"1","varName":"sv","name":"Find Server"},{"server":"1","varName":"sv","name":"Change Server"},{"info":"0","find":"537433191393525760","storage":"1","varName":"channel","name":"Find Channel"},{"channel":"3","varName":"channel","info":"4","storage":"1","varName2":"msg","name":"Store Channel Info"},{"message":"1","varName":"msg","info":"2","storage":"1","varName2":"text","name":"Store Message Info"},{"message":"1","varName":"msg","info":"1","storage":"1","varName2":"msg id","name":"Store Message Info"},{"dataName":"confirmar voto","comparison":"1","value":"tempVars(\"msg id\")","iftrue":"1","iftrueVal":"","iffalse":"0","iffalseVal":"","name":"Check Global Data"},{"storage":"1","varName":"text","comparison":"5","value":"'Ravena#6006'","iftrue":"0","iftrueVal":"","iffalse":"4","iffalseVal":"w","name":"Check Variable"},{"storage":"1","varName":"text","comparison":"5","value":"'votou'","iftrue":"0","iftrueVal":"","iffalse":"4","iffalseVal":"w","name":"Check Variable"},{"info":"0","find":"673644958946689054","storage":"1","varName":"sv2","name":"Find Server"},{"server":"1","varName":"sv2","name":"Change Server"},{"split":"${tempVars(\"text\")}","spliton":"(","storage":"1","varName":"text","name":"Split"},{"split":"${tempVars(\"text\")[1]}","spliton":")","storage":"1","varName":"text","name":"Split"},{"changeType":"0","value":"'${tempVars(\"text\")[0]}'","storage":"1","varName":"id","name":"Control Variable"},{"info":"0","find":"${tempVars(\"id\")}","storage":"1","varName":"m","find2":"1","iffalse":"2","iffalseVal":"27","name":"Find Member"},{"member":"2","varName":"m","dataName":"voted","comparison":"1","value":"tempVars(\"msg id\")","iftrue":"0","iftrueVal":"","iffalse":"3","iffalseVal":"1","name":"Check Member Data"},{"description":"","jump_to_anchor":"w","color":"#000000","name":"Jump to Anchor"},{"member":"2","varName":"m","dataName":"voted","changeType":"0","value":"tempVars(\"msg id\")","name":"Control Member Data"},{"info":"0","find":"700122582816522250","storage":"1","varName":"chvote","name":"Find Channel"},{"channel":"5","varName":"chvote","message":"Membro ${tempVars(\"m\")} votou no bot e recebeu `700 b$`, vote você também!\nhttps://botsparadiscord.com/bots/681604378968457421/votar","storage":"0","varName2":"","iffalse":"0","iffalseVal":"","name":"Send Message"},{"channel":"4","varName":"m","message":"Olá ${tempVars(\"m\")}, agradecemos pelo seu vote!\nComo recompensa, lhe damos `700 b$`\nUse n.money em algum servidor para ver seu novo saldo!","storage":"0","varName2":"","iffalse":"0","iffalseVal":"","name":"Send Message"},{"member":"2","varName":"m","dataName":"money","changeType":"1","value":"700","name":"Control Member Data"},{"dataName":"confirmar voto","changeType":"0","value":"'tempVars(\"msg id\")'","name":"Control Global Data"},{"anchor_id":"w","color":"#000000","description":"","name":"Create Anchor"},{"time":"200","measurement":"0","name":"Wait"},{"description":"","jump_to_anchor":"b","color":"#000000","name":"Jump to Anchor"},{"name":"End Action Sequence"}]},{"name":"<a style=\"color:#34dab3\"; > ⠀ | > </a> Backup2","temp":"600","event-type":"3","_id":"iZfDo","actions":[{"server":"0","varName":"","info":"1","storage":"1","varName2":"sv-id","name":"Store Server Info"},{"storage":"1","varName":"sv-id","comparison":"1","value":"708783702519578705","iftrue":"0","iftrueVal":"","iffalse":"1","iffalseVal":"","name":"Check Variable"},{"comment":"👇 Coloque o ID do seu servidor 👇","color":"#ff8000","name":"Comment"},{"info":"0","find":"708783702519578705","storage":"1","varName":"sv","name":"Find Server"},{"server":"1","varName":"sv","name":"Change Server"},{"comment":"👇 Coloque o ID do seu canal 👇","color":"#ff8000","name":"Comment"},{"info":"0","find":"718185370637959262","storage":"1","varName":"canal","name":"Find Channel"},{"comment":"Armazenando informações de data e hora para enviar na mensagem","color":"#ff8000","name":"Comment"},{"type":"0","storage":"1","varName":"ano","name":"Store Time Info"},{"type":"1","storage":"1","varName":"mes","name":"Store Time Info"},{"type":"2","storage":"1","varName":"dia","name":"Store Time Info"},{"type":"3","storage":"1","varName":"hora","name":"Store Time Info"},{"type":"5","storage":"1","varName":"segundo","name":"Store Time Info"},{"type":"4","storage":"1","varName":"minuto","name":"Store Time Info"},{"comment":"Enviando mensagem com data e hora","color":"#ff8000","name":"Comment"},{"channel":"5","varName":"canal","message":"```${tempVars(\"dia\")}/${tempVars(\"mes\")}/${tempVars(\"ano\")} ${tempVars(\"hora\")}:${tempVars(\"minuto\")}:${tempVars(\"segundo\")}```","storage":"0","varName2":"","iffalse":"0","iffalseVal":"","name":"Send Message"},{"comment":"Enviando arquivos. Fique a vontade para deletar as ações que enviam os arquivos que você não quer que sejam enviados.","color":"#ff8000","name":"Comment"},{"channel":"5","varName":"canal","file":"data/commands.json","message":"","name":"Send File"},{"channel":"5","varName":"canal","file":"data/events.json","message":"","name":"Send File"},{"channel":"5","varName":"canal","file":"data/globals.json","message":"","name":"Send File"},{"channel":"5","varName":"canal","file":"data/globalVars.json","message":"","name":"Send File"},{"channel":"5","varName":"canal","file":"data/players.json","message":"","name":"Send File"},{"channel":"5","varName":"canal","file":"data/servers.json","message":"","name":"Send File"},{"channel":"5","varName":"canal","file":"data/serverVars.json","message":"","name":"Send File"}],"temp2":"America/Sao_Paulo"},{"name":"<a style=\"color:#34dab3\"; > ⠀ | > </a> Status","temp":"300","event-type":"1","_id":"LpbFU","actions":[{"server":"0","varName":"","info":"1","storage":"1","varName2":"id","name":"Store Server Info"},{"storage":"1","varName":"id","comparison":"1","value":"673644958946689054","iftrue":"0","iftrueVal":"","iffalse":"1","iffalseVal":"","name":"Check Variable"},{"activity":"0","nameText":"Estou ajudando ${this.getDBM().Bot.bot.users.size} pessoas em ${this.getDBM().Bot.bot.guilds.size} servidores!","url":"","stat":"0","name":"Set Bot Activity"},{"time":"20","measurement":"1","name":"Wait"},{"activity":"0","nameText":"Meu prefixo é: r/","url":"","stat":"0","name":"Set Bot Activity"},{"time":"20","measurement":"1","name":"Wait"},{"activity":"0","nameText":"Veja as novidades: r/novidades","url":"","stat":"0","name":"Set Bot Activity"},{"time":"20","measurement":"1","name":"Wait"},{"activity":"0","nameText":"Veja o que será adicionado: r/spoilers","url":"","stat":"0","name":"Set Bot Activity"},{"time":"20","measurement":"1","name":"Wait"},{"activity":"0","nameText":"🏴 #BlackLivesMatter ","url":"","stat":"0","name":"Set Bot Activity"},{"time":"20","measurement":"1","name":"Wait"},{"activity":"0","nameText":"Created with ❤️ by Ragnar","url":"","stat":"0","name":"Set Bot Activity"},{"time":"20","measurement":"1","name":"Wait"},{"call":"1","name":"Jump to Action"}],"temp2":"America/Sao_Paulo"},{"name":"<a style=\"color:#34dab3\"; > ⠀ | > </a> check votes","temp":"","event-type":"1","_id":"DdRgt","actions":[{"behavior":"3","name":"Run Action Sequence Once"},{"anchor_id":"b","color":"#000000","description":"","name":"Create Anchor"},{"info":"0","find":"528352472389910529","storage":"1","varName":"sv","name":"Find Server"},{"server":"1","varName":"sv","name":"Change Server"},{"info":"0","find":"537433191393525760","storage":"1","varName":"channel","name":"Find Channel"},{"channel":"3","varName":"channel","info":"4","storage":"1","varName2":"msg","name":"Store Channel Info"},{"message":"1","varName":"msg","info":"2","storage":"1","varName2":"text","name":"Store Message Info"},{"message":"1","varName":"msg","info":"1","storage":"1","varName2":"msg id","name":"Store Message Info"},{"storage":"1","varName":"text","comparison":"5","value":"'${me.user.tag}'","iftrue":"0","iftrueVal":"","iffalse":"4","iffalseVal":"w","name":"Check Variable"},{"storage":"1","varName":"text","comparison":"5","value":"'votou'","iftrue":"0","iftrueVal":"","iffalse":"4","iffalseVal":"w","name":"Check Variable"},{"info":"0","find":"673644958946689054","storage":"1","varName":"sv2","name":"Find Server"},{"server":"1","varName":"sv2","name":"Change Server"},{"split":"${tempVars(\"text\")}","spliton":"(","storage":"1","varName":"text","name":"Split"},{"split":"${tempVars(\"text\")[1]}","spliton":")","storage":"1","varName":"text","name":"Split"},{"changeType":"0","value":"'${tempVars(\"text\")[0]}'","storage":"1","varName":"id","name":"Control Variable"},{"info":"0","find":"${tempVars(\"id\")}","storage":"1","varName":"m","find2":"1","iffalse":"2","iffalseVal":"26","name":"Find Member"},{"changeType":"0","value":"'${tempVars(\"m\")}'","storage":"1","varName":"user","name":"Control Variable"},{"storage":"1","varName":"user","comparison":"5","value":"'null'","iftrue":"4","iftrueVal":"w","iffalse":"0","iffalseVal":"","name":"Check Variable"},{"member":"2","varName":"m","dataName":"voted","comparison":"1","value":"tempVars(\"msg id\")","iftrue":"0","iftrueVal":"","iffalse":"3","iffalseVal":"1","name":"Check Member Data"},{"description":"","jump_to_anchor":"w","color":"#000000","name":"Jump to Anchor"},{"member":"2","varName":"m","dataName":"voted","changeType":"0","value":"tempVars(\"msg id\")","name":"Control Member Data"},{"info":"0","find":"700574971319287958","storage":"1","varName":"chvote","name":"Find Channel"},{"channel":"5","varName":"chvote","message":"O membro `${tempVars(\"m\").tag}` votou no bot e recebeu `1000 RCoins`, vote você também!\nhttps://botsparadiscord.com/bots/681604378968457421/votar","storage":"0","varName2":"","iffalse":"0","iffalseVal":"","name":"Send Message"},{"channel":"5","varName":"m","message":"Olá ${tempVars(\"m\")}, agradecemos pelo seu vote!\nComo recompensa, lhe damos `1000 RCoins`\n","storage":"1","varName2":"msgtovote","iffalse":"0","iffalseVal":"","name":"Send Message"},{"member":"2","varName":"m","dataName":"coins","changeType":"1","value":"1000","name":"Control Member Data"},{"member":"2","varName":"m","dataName":"votes","changeType":"1","value":"1","name":"Control Member Data"},{"anchor_id":"w","color":"#000000","description":"","name":"Create Anchor"},{"time":"1000","measurement":"0","name":"Wait"},{"description":"","jump_to_anchor":"b","color":"#000000","name":"Jump to Anchor"},{"name":"End Action Sequence"}]}]