{"290152700052504576":{"industria-nome":"teste","industria-tem":1,"industria-porte":0,"industria-gerador":"Pequeno","industria-energiaarmazenada":900,"industria-galpão":0,"industria-trabalhadores":0,"industria-risco":"Pequeno","industria-arrefecimento":"Simples","industria-capacidade":300,"ferramenta-mineração":"mineradora","diamante":10,"ouro":27,"ferro":39,"rcoins":40013.700000000004,"começar":1,"bitcoin":0,"litecoin":0.2399999999999931,"zcash":24.430000000000003,"coins":658459,"redipanda.user.afk":1,"redipanda.user.afk.notice":"Este usuário é AFK! Nenhuma resposta foi definida.","hora":21,"minuto":58,"segundos":15,"total-em-call":114,"total-hora-call":0,"voted":"719597689653690368","jade":1,"votes":1,"tempo-call":1591666246225,"ver-tempo-call":8191,"ferramenta":"Picareta de Cianita","energia":25,"cianita":0,"obsidiana":0,"basalto":0,"alamita":0,"marmore":0,"calcita":0,"estrela":22,"tesouro":6,"mensagem-individual":85},"708783554754248804":{"rcoins":68857.70000000001},"253671868735815681":{"bitcoin":1,"mensagem-individual":63},"297153970613387264":{"bitcoin":1},"539436332762791936":{"redipanda.user.afk":0,"redipanda.user.afk.notice":0,"mensagem-individual":99},"538027702092038194":{"redipanda.user.afk":0,"redipanda.user.afk.notice":0,"hora":0,"minuto":0,"segundos":0,"total-em-call":70504,"mensagem-individual":2},"385223163136442370":{"hora":0,"minuto":0,"segundos":0,"total-em-call":70585,"mensagem-individual":60},"234395307759108106":{"hora":21,"minuto":58,"segundos":21},"633076750158528522":{"mensagem-individual":4},"398159694453014528":{"mensagem-individual":56},"443494163510460429":{"mensagem-individual":12}}